label,review
2,基金公司不裁员反扩军 走访名校揽人才
1,基金巨亏30亿 欲打开云天系跌停自救
0,基金市场周二缩量走低
1,年底再现基金经理争夺战
2,收评：场内基金全线大涨 ETF表现出众
2,易方达科汇灵活配置11月21日起开放赎回
2,民生加银基金在深圳开业
2,民生加银基金昨在深圳开业
1,没基金的行情走不远
1,浦银安盛优化收益债基11月24日起公开发行
2,海富通稳健添利基金于21日起开放赎回业务
2,海富通稳健添利基金于24日起开放赎回业务
1,股指放量暴跌 手握基金该何去何从
0,花旗：对冲基金规模将降至1万亿美元
0,解禁前夜大举抛售 对赌南车基金暂输游资 
1,银行竭力推定投 用意在佣不在基
2,中国成新兴市场基金首选
2,中小企业集合年金计划日渐增多
0,中欧基金：市场即将底部震荡
0,云天化恢复市价估值套利者无功而返
2,交银施罗德保本基金获批
1,众基金建议谨慎捕捉政策性行情
2,华夏基金签约如意养老1号年金管理
2,华安核心优选25日起开放申赎、定投与转换
2,华富收益增强债基10派0.2元
2,基指大涨5% 两市基金全线飘红
2,基金接棒权重股上攻
1,基金游资反向对冲 大盘维持动态平衡
1,大成基金3000万元认购旗下策略回报基金
1,密切跟踪基金重仓股脚步
2,布局中小企业年金 基金一举两得
0,年底又现基金经理离职潮
0,收评：沪基指收盘跌2.65% 封基全线下跌
2,易方达价值精选基金分红 每10份派现2.2元
2,求贤若渴基金公司百万年薪挖角
0,海外基金掀起裁员风暴
1,私募基金熊市呼喊去阳光化
1,第61家基金公司开业
2,货币基金收益率突然井喷
0,趁游资抢反弹 基金排队割肉日照港
1,跌停虽未打开交易已活跃 基金按市价估值云天化
1,踏空的基金开始醒悟
1,重返2000点 基金游资博弈升级
1,万家180基金增加代销机构
0,信达澳银基金陷入贱卖风波
1,信达澳银被困贱卖门 连夜自查上报监管机构
1,华夏基金签约如意养老1号
2,华夏平稳 华夏蓝筹两基金继续暂停申购业务
0,基指跌幅超大盘 封闭式基金领跌
1,基金冷眼旁观股市反弹
0,基金市场大幅下挫
1,基金自购渐升温 跟着基金公司博反弹
1,基金谨慎应对燃油税开征受益板块
2,大盘封基日均成交量陡增 折价率维持在25%以上
1,富国天成年内不进行收益分配 未达分红条件
1,封基首度变身指数基金
1,广发基金：货基高盈利难持续
1,新世纪两基金24日起增加天相投顾为代销机构
1,新成立基金公司百万年薪挖人
1,浦银安盛优化收益债基24日起发行
2,渠道反映 基金销售日渐回暖
2,渠道反映基金销售日渐回暖
1,股市回暖基金现抛债转股迹象
2,近半全球基金经理投资首选中国股市
1,香港巴菲特掌管的基金亮黄灯
1,债基发行归于平淡 股基发行依旧遇冷
1,基指小幅下跌 成交量放大17%
1,基金经理谈四万亿元带来的投资机会 
2,弱势盘整 主动型基金表现较好
1,手捂2500亿现金 基金趁反弹丢卒保帅
1,指数基金 机会与风险并存
0,日新兴市场债券基金10月缩水两成
1,有多少基金公司将自己套牢
1,私募基金的繁忙13天：短线快速抄底收金揽银
1,竞聘开榜 富国基金高管大换防
1,美林：基金经理要打年底防御战
1,被燃油税传闻吓退 基金亏本卖高速公路股
1,连续反弹拨动基金心弦 要接游资的下一棒
1,选准行业 投权益类产品
2,1.25亿CCTV金融标王 交银施罗德传言中爆红
1,2009蓄势和期待的一年
1,上周股票基金涨跌各半 中小盘风格基金领涨
1,交银施罗德否认获得央视广告金融标王
1,人寿赎回债基30亿元 基金短线预备年底净值行情
1,债券牛市中场休息 债基连涨势头止步 
1,华商盛世成长基金开放申购
1,反弹市场中如何投资股票型基金 
2,基金平均收益率连续两周为正值
2,基金汉鼎完成封转开
2,基金汉鼎转型封转开首现指数型基金
1,基金经理减持意愿增强
1,基金适用性销售大打折扣
1,基金闻风而动：抛24亿VS抢20亿的逻辑大转变
1,如何参考基金评级购买基金
0,收评：沪基指收盘跌3.5% 封基全线下跌
1,浦银安盛优化收益债券基金今起发行
2,998点以来封基最牛 基金泰和上涨近5倍
2,三年回报率487% 基金泰和最牛
1,两只股票基金逆市分红
0,今年最牛基金板块始现疲态
1,债券基金近期热销 基金公司提示风险
1,债基为何扎堆年底分红
2,债基迎来年底分红潮
0,净值涨价格跌 投资者对封基预期悲观
1,几个月前他让几千万基金安全着陆 
1,分红不等于投资机会 
1,博时基金27日起增加瑞银证券为代销机构
1,嘉实超短债年内第11次分红 每10份派0.032元
1,基金估值新政撞上云天化系效应
2,基金蜂拥认购 东方电气增发逆势受热捧
2,基金限额申购反成销售卖点
1,富国天鼎27日起集中申购
0,封闭式基金领先大盘创新低
1,广发沪深300指数基金获准发行
1,易方达旗下两基金将调整大额申购上限金额
1,王亚伟：明年股市一切皆有可能
1,第四只300指数基金获批
2,触底反弹偏股基金净值上涨10.30%
1,12只新基金年底扎堆发行
1,交银增利限制大额申购及转换入 上限1000万
1,光大保德信增利基金于27日起开放申购业务
1,华宝兴业现金宝取消大额申购及转换转入限制
1,华宝兴业现金宝基金取消大额申购限制
1,南方全球27日暂停申购赎回 因逢美国感恩节
2,基金参与增发热情11月骤然升温
2,基金参与增发热情再起
1,基金换经理 莫急着卖出
1,基金限额申购反成销售卖点
0,基金颗粒无收 割肉14亿元逃离云天化
0,大成嘉实合并传闻起 人保面临一参一控难题
1,富国天鼎基金将集中申购
0,排名作祟基金以邻为壑 反弹渐显疲态
1,泰信基金将变更高管 董事及董事长均更换
0,货币基金隔周收益猛跌
2,长城增利债券基金推出定投费率优惠
1,QDII投资台股有望很快开闸
1,中信旗下两基金27日起暂停申购和转换转入
1,今年新成立债基数量超七年总和
1,四季度第三只超10亿股基成立
1,基金公司人事变更现新趋势
1,基金公司股权今年频频变更
1,大成策略回报11月26日成立 首募逾10亿元
2,收评：沪基指冲高回落 全天上涨1.58%
1,申万巴黎2000万元自购旗下债券基金
1,申万巴黎基金以固有资金认购旗下添益宝基金
1,银华基金货币基金取消大额申购限制
1,银华货币市场12月1日起取消大额申购限制
2,上市公司增发再受基金热捧
1,交银施罗德投资总监：以保本基金等待牛市
1,交银施罗德：以保本基金来等待牛市
1,债基趁降息排队发行
2,偏股型新基金发行小幅回暖
1,兴业全球系基金五星基金占比居首
0,基金割肉复牌门 游资捡了就被套
0,基金可能借降息跑路 银行股遭到大量减持
1,基金指数和3500点说再见
1,大幅降息兑现后债基走向成谜
1,天治稳健双盈债基12月3日起开放日常申购
1,建信核心精选基金募资超过5.1亿元
1,德盛红利基金打开日常申购赎回
0,收评：沪基指收盘跌2.41% 封基几乎全线下跌
2,政策转暖 海外基金淘宝中国商业地产
1,申万巴黎2000万购旗下债基
1,看谁脸色行事 基金强迫分析师内幕交易
2,精瑞基金借绿色地产突围
2,货币基金总份额增长510亿份
0,降息行情转瞬即逝 利好难以激发基金买入冲动
0,偏中国股票风格减缓QDII下跌
0,安联旗下对冲基金相关抵押债券基金被迫清盘
1,封基折价率逼近最高 优选基金汉兴安顺 
0,新基进退自如 难为投资者
1,本周基金继续小幅做空
1,欧洲最成功基金经理：新兴市场明年开始复苏
1,股基债基11月共同走高
1,证监会借指数基金筑A股底部 机构信心跑输散户
0,货币型基金遇短线套利尴尬 历史最高收益难保
1,降息预期骤然兑现 债基慢牛行情延续
0,11月上投摩根QDII基金最熊再亏11.75%
1,11月份16只基金分红
1,11月基金业绩出现空前分化 排名争夺战提前预演
1,12月1日基金动态一览
1,2009年投基策略：等待中长线买入良机
1,511亿股限售股12月开闸 基金从容布局
1,85只新基金前11月募资1589亿元
1,保命比业绩更重要 基金上演熊市年底冲刺
1,八只新基金遭遇基金公司员工拒买
2,兴业三基金获五星
1,多只货币基金取消大额申购限制
1,富国天鼎集中申购
1,投策会与公关会
1,汇添富客服延时至晚上9点
2,沪基指半日上涨0.50% 两市近九成封基飘红
1,社保基金将扩大指数化投资规模 
1,货币基金熊市增肥
1,超三成债券基金今年实行双基金经理制
1,长期限封闭式基金折价率重回30%
1,集体出逃 基金组团卖药
1,鹏华基金与券商渠道亲密接触
1,QDII基金净值上周强劲反弹
1,万家货币将取消大额申购限制
1,两债券型基金获批
1,今年新发基金过百只
1,光大债基打开申购
1,六成封基折价率超过30%
1,四年感情破裂 申万巴黎与德勤分手 
1,基金公司年底频现大调整
2,封闭式基金的机会来了 
1,建信核心精选股票型基金成立
1,折价率高企 年关布局封闭式基金 
1,指数基金时隔一年再度开闸
0,收评：沪基指收盘下跌0.51% 两市八成封基收挫
1,新指数基金释放重要信号
2,最后一周漂亮收尾 债券基金11月涨1.25% 
0,沪基指收盘下跌0.51% 两市八成封基收挫
2,深证中小板ETF领跑指数基金
1,申万巴黎新动力基金变更基金经理
1,股票型基金啃老本加入年关分红潮
2,长盛成长价值基金获五星评级
2,长盛成长价值获五星评级
1,频现股权变更 基金业重组潮或起
1,11只新基金扎堆12月布局09年股市行情
2,11月机构净流出42亿元 基金做空力度最大
1,1800点上下新基金大量出炉
1,上投摩根中小盘基金获批发行
1,专家认为基金持债已达阶段性饱和
1,东方电气守住增发价 基金做多动能提升 
1,交银保本基金今日起发行
1,信达澳银菜鸟交易员离奇砸盘内幕告破
1,债券型基金创年度发行之最
2,偏股基金连珠齐发 燃起冬天一把火
1,基金业发展遇瓶颈 基金公司呼吁基金法修订
0,基金创新年年讲 创新产品年年缺
0,基金水泥股上低卖高买 操盘如梦游
1,基金红十一月变现68亿元
1,投资基金甩手掌柜做不得
1,汇添富价值精选基金获准发行
1,管理层批量放行新股基
1,管理层认可市场点位 证监会一次批三只基金
1,12月初3只新股基拿到准生证
1,QDII与A股基金半斤八两
1,上投摩根杯亲子征文大赛再掀热潮
2,中海蓝筹基金弱市中吸金
1,中海蓝筹基金户均认购金额大降
1,人弃我取 基金花26亿元增仓地产股 
2,嘉禾基金近三月业绩优异
2,基金入场发动排名行情 新五朵金花怒放
1,基金公司老总呼吁修订《基金法》
1,天治稳健双盈债基开放申购
1,富国天丰下周一上市 
2,工行建行领跑新基金托管
1,广发沪深300指数基金即将发售
1,抄底资金借道50ETF入场
2,收评：沪深基指涨幅均逾2% 场内基金全线飘红
1,景顺长城内需增长贰号分红 每10份派发2元
2,汇丰晋信平稳增利首募19.44亿
1,汇添富价值精选基金获准发行
2,沪基指大涨超4% 交易型基金全线上涨 
2,沪基指放量上涨2.38% 封基涨幅全线逾1%
1,熊市拖累基金大亏 基民称并非亏钱就骂娘
1,申万巴黎盛利配置基金获金算盘奖
0,股市太低迷 新设对冲基金管理费拟减半 
1,银华增强收益债券基金成立
1,银华增强收益募集近25亿
2,4日股票基金涨多跌少 逾九成基金净值上扬
2,5保本基金本周均获正收益
0,债基发行12月开门红 股基仍无起色 
2,债市红火带动债基发展
2,十年磨砺 基金持股市值占比增长超7倍
2,半年风雨洗礼次新基金回归一元
1,南方基金在齐鲁中银安信开通定投等业务
1,基金业年终奖可能平均缩水40%
1,基金业年终奖或平均缩水40%
2,基金指数11月大涨
2,建信基金设立百万奖助学金
1,机构未大动 部分私募已获利了结 
2,次新基金回归一元
2,沪基指半日上涨0.41% 两市逾三成封基飘红
2,荷银成长挑战华夏大盘 今年以来排名暂列第一
1,金鹰红利价值基金正式成立
1,险资出货基金接盘
1,鹏华基金管理公司聘请高阳担任副总经理
1,鹏华货币今日起限制大额申购 上限100万元
1,鹏华货币基金限制大额申购
1,QDII投资或迎来播种期
1,上市公司投资基金行为调查
1,不要害怕基民 
1,优化基金组合 重点关注封基 
1,促基金公司储备冬粮
1,博时明星基金经理出任鹏华副总
1,基金公司风险准备金比例最低10%
2,基金提前布局川投能源 复牌连涨停获利颇丰
2,基金空中加油 主力两千点狂欢
1,基金试探性做多 冀望年末行情延续
1,基金风险准备金提取比例下限由5%升至10%
1,基金风险准备金提取比例升至10% 
1,基金风险准备金最低提取比例翻番
1,外方股东变更波及合资基金 
2,封基有望步出弱市格局 
0,手握牛股却不抗跌海富通收益投资僵化
2,提前埋伏四大板块 坐等基金抬轿子
2,本周ETF基金放量领涨
1,次新基金业绩差距拉大
1,煽情的国九条助推基金交差行情
1,私募做反弹 趋势投资战胜价值投资 
1,美基金业另辟蹊径应对赎回潮 
1,股市降临艳阳天 基民仍畏寒
1,证监会鼓励基金公司多提风险准备金
1,赚年末红包 基金吃肉咱喝汤 
0,轻仓错失反弹 八成私募产品跑输公募
1,适时封转开易方达科讯仓位为王制胜
1,高仓保名还是低仓保命 基金经理年考两难选择
2,魅力不输开基 部分封基获青睐 
1,基金整体欠准备 中小盘相对强劲
2,11月私募产品最高收益率达42%
1,2009战略配置封闭式基金
2,5日股票基金全盘飘红 近六成基金涨幅超1%
1,6家基金报告摘要：李旭利说单边下跌结束
1,中国公募基金市场一周综述
1,交银施罗德保本增加光大银行等三代销机构
1,何时选择指数化投资
1,保本基金进可攻退可守
1,净买入54.68亿元 上周基金调头加仓沪市A股
1,净买入61.76亿元 基金单日增仓创下纪录
2,加仓到位次新基金赚了
1,华商盛世新增农行代销
1,基金11月放缓债券增持步伐
1,基金公司2008年管理费收入或达310亿元
1,基金单日增仓创下纪录
1,基金或将主导年末翘尾行情
1,基金没有主动做市值迹象
1,基金经理岁末排名冲刺时间到来
1,基金越是老牌 经理换得越勤
1,基金降格为散户：仓位快速升降
1,基金顺势空翻多 单日增仓创纪录
1,天弘永定价值成长12月8日起开放日常申购
1,富国天丰基金今起上市 开盘参考价1.020元
1,工行全面代销万家基金
1,年关将至分红封基受关注
1,年末拼规模 基金使出十八般兵器
1,广发沪深300指数基金开售
1,政策放暖基金集中获批
2,易方达科汇一个月涨幅高达7%
2,易方达科汇封转开业绩不俗
2,易方达科汇快速建仓 封转开后涨7%
1,是谁吹响了攻占2000点的号角
1,最后18个交易日 基金将为谁而战
1,经济蓝皮书：2009年股票与基金市场可能反弹
1,货币基金定存潮风险隐现
1,选封基不能只看折价率
1,银河基金12月9日起开通齐鲁证券定投业务
2,集体翻红指数型基金平均增长9%
1,首只创新债基富国天丰今起上市
1,高收益率难持续货基不能替代定存
1,11月私募基金涨幅不及公募股票基金
2,ETF出现净赎回 抄底资金趁势离场
1,东吴优信稳健基金开通交行建行招行定投业务
1,债基避险更必备 
1,创新债基上市 首日遭遇折价
1,南方避险增值基金将开放申购
1,合丰稳定基金分红每10份派红利4.4元
1,国内首只保本基金再次开放申购
1,基金主导年末翘尾行情
1,基金或成新推动力 助反弹演变为跨年度行情
1,孟买恐怖袭击暴露QDII国别政治风险 
0,富国天丰上市首日走低 收盘折价率近2%
2,封基全面补涨
1,工行全面代销万家旗下基金
1,工银添利基金即将分红
1,开放式基金
1,房地产信托基金推出在即 
0,收评：沪基指收盘跌2.432% 场内基金普跌
1,汇丰晋信平稳增利募集19.5亿元
1,泰达荷银价值优化10派4.4元
0,红利型基金的集体尴尬：熊市中亏损无红可分
0,股市大幅反弹基金仓位过低　基金上周跑输大盘
0,肥水也流外人田金元比联申购别家基金
1,降低营业税预期鼓舞 基金反手做多银行股
2,首只创新型封闭式债券基金昨低调亮相
1,12月基金和QFII上演多空互换
1,三九医药股改复牌 重仓基金有惊无险净值受益
1,产业投资基金收益 信托投资收益不征税
1,华安基金开通定投后端收费
1,华宝兴业旗下基金 安信证券今起代销
1,博时推出新企业年金计划
1,博时稳定价值第二十次分红 每10份派0.7元
1,基金公司告Topview违法
1,基金公司抢滩指数基金
1,基金忧心基本面年终多看少动
0,基金新增开户数依旧低迷
1,大华投资公司获QFII资格
1,寻找积极财政政策下结构性投资机会
1,市场回暖机不可失 新基金赶趟发行
1,广州证券促销广发沪深300指数基金
1,排名在即基金岁末狂奔
2,易方达稳健分红 A级基金每10份派现0.36元
1,申万巴黎增加注册资本
1,社保基金从证券市场取得收入不征税
0,股基加入分红大军 红利再投资遭抛弃
0,股市反弹未吸引基民开户 上周开户数仅增3%
0,股市反弹未吸引基民开户
2,股指攀升推动 次新基金重上1元
1,银华增强收益债基12月12日起开放日常申购
1,长城双动力今起发行 为长城旗下第十只基金
1,首只创新债基受追捧 
1,11月QFII抄底意味转浓
1,50ETF放量劲升
2,QDII净值显著回升 嘉实海外区间涨幅超过30%
1,东方稳健回报债券基金首发募集逾10亿元
1,东方稳健回报债基12月10日成立 首募10.19亿
1,东方稳健回报债基聘任经理
1,决战年终排名 基金全面做多
1,博时基金推出统一沟通平台
1,基金一日急转：大举加仓旋即做空
1,基金参与增发升温 王亚伟两基金均有认购鲁泰A
1,富国基金管理公司聘任窦玉明先生为总经理
1,次新基金押注翘尾行情 被动加码暗合大涨
1,申万巴黎旗下基金增加东方证券为代销机构
1,窦玉明任职富国基金总经理获批
2,股指急升交易型基金飘红
1,贴身肉搏 16对基金今年以来跌幅相同
1,鹏华丰收债券基金10派0.2元
1,鹏华丰收债券基金拟每10份派0.2元
1,黄金ETF持仓保持高位
2,11月减亏一成 QFII借反弹做大
1,QFII总数达到72家
1,Topview突然死亡  基金保住交易底牌
1,交行开通信达澳银转换业务
1,休眠近一年 指数基金再出鞘
1,债市转入慢牛行情 
1,华夏基金两只债基分红 
1,华夏基金两只债基分红
1,华夏基金两只债基齐分红
1,国富弹性第四次分红 拟每10份派发现金2元
1,国海富兰克林两基金将分红
1,基金年末踏空航空股 注资传闻终成现实
1,基金突击规模大打定投牌 分红营销策略遭遇尴尬
1,基金：明年机会大于风险
1,基金：明年经济可能超预期
1,年终将至基金看淡后市 偏股型基金扎堆分红
1,排名大限临近 轻仓基金围堵王亚伟
0,收评：沪基指收盘跌3.49% 场内基金普跌
1,明年基金或择机抱团取暖
1,注资传闻终成现实 基金年末踏空航空股
2,港股反弹 QDII净值大幅回升
1,银华增强收益债券基金今起打开申购
1,长城久富核心成长将分红 拟每10份派现0.1元
2,6只产品正收益私募基金跑赢大盘
1,保守欧洲私募欲取海通证券
2,债券基金阶段性机会凸现
2,做空基金卷土重来大量抛售
1,华夏博时等8基金下周分红
0,可交易型基金全线暴跌 只剩富国天丰一株红苗
2,基金QDII净值显著回升
1,基金业：冬天刚刚开始
1,年关前大换血 金鹰基金公司迎来新董事长
1,股指才涨几天 基金2000点上立即多翻空
1,贴身肉搏白热化 年末拉净值基金大比拼
1,12家基金公司对决：乐观派和悲观派6比6
0,12日股票基金遭遇重挫 近九成基金跌幅超2%
1,2008年基金投资绩效分析 虽败犹荣还是罪不可赦
0,上周基金总体出现负收益
1,创新封基首次触及救生艇条款
1,嘉实网上直销提供电话交易业务
1,基金专户运作细节首度曝光
2,基金平均仓位增至74.5%
1,基金看好明年下半年行情 
2,基金经理更换频率呈现上升态势
2,基金蜂拥入市 上周仓位升至74.5％
1,基金重仓股中七成未见分红
1,基金高抛低吸险资持续做多
1,工银信用添利基金今日分红
1,年末拉净值 基金大比拼 
1,广发错踏三步深陷牛熊转换
2,抢占年金市场基金祭出零费率
2,摩根士丹利华鑫货币基金表现抢眼
2,收评：沪基指收盘涨0.10% 全天震荡回落
2,最近半年成立次新偏股基金过半取得正收益
1,汇添富价值精选17日发行
1,王亚伟12月第一周大举加仓 易方达伍卫更快
1,股指下跌搅乱基金排名 头名与榜眼仅相差0.02%
1,股混基金未见大规模赎回 债基投资升温
1,银华增强收益债券打开申购
1,高折价封基 熊市中的珍珠
1,15日股票型基金普涨 仅一只基金净值下挫
1,2000：基金黑幕
1,中银增利开放申购业务
0,今年以来分红基金不足60只
1,保本基金开放申购
2,信诚基金公司注册资本由1亿元增至2亿元
2,借道股基抄底 基金开户数单周猛增45%
2,债券基金掀起分红潮 
1,兴业趋势10派0.42元
1,兴业趋势即将分红
1,兴业趋势基金即将分红
1,基金俩月买32亿地产股
1,基金公司谨慎看多明年市场 
1,富国天丰上市遇尴尬
1,建信基金：经济处于下滑前半段 应注重防御
1,德厚资本再组基金
1,忘掉你的投资成本
1,汇添富基金：适度配置债基可抵御通胀 
1,浦银安盛调整旗下基金申购下限
1,海富通：抢滩年金市场谋求熊市突破
2,监管部门为基金创新开辟绿色通道
1,看历史轨迹辨基金投资能力 
1,近一个月保本基金表现稳定
1,银河基金副总代履督察长职务
2,震荡下跌市封基很争气 平均折价率为27.13%
2,16日股票基金净值普涨 逾半数基金涨幅超1%
2,QDII首现正收益基金 海富通精选净值回归一元
1,万亿资产蒸发 基金经理明年补考 
1,交银施罗德保本张迎军：明年采取防守反击策略 
1,产品创新松绑 基金公司五味杂陈
1,今年以来98%私募基金业绩超越上证指数 
1,信达澳银精华开通定投业务
1,偏股基金年末现分红小高潮
1,冒进加仓九成 王亚伟逢高减仓
2,创新基金可走绿色通道
1,华宝兴业3700万元申购宝康债券基金
1,嘉实旗下四基金参与燕京啤酒定向增发
1,基金报告：明年初或是A股最好买点
1,基金红利再投资要三注意
1,年内第6位基金督察长离职 地位尴尬难做事
1,广发沪深300增东海证券浦发银行为代销机构
0,恒元保本月波幅远小于大盘
2,收评：沪基指收盘涨0.22% 近八成封基上涨
2,次新股基建仓渐入高潮 百亿资金输血股市
1,汇添富价值精选基金今起发行
2,沪基指半日上涨1.11% 封闭式基金全线飘红
1,泰达荷银：A股将保持活跃 反弹高度不容乐观
2,游资突袭 中小板ETF再领涨
1,申万巴黎基金增资至1.5亿
1,银华基金电子服务岁末升级
2,12月基金分红现小高潮 债基成分红亮点
1,中信稳定双利年度第四次分红 拟10派0.5元
1,为求稳妥 华宝兴业3700万元自购债基
1,债券型基金有望成为年度收益冠军
1,做好你的基金投资长跑
1,光大保德信增利收益22日起开放日常赎回
1,兴业趋势：明年股基吸引力超债基
1,分红率提高利好红利指数型基金
1,单周猛增45% 基金开户年末翘尾  
1,基金公司年末再现自投
1,基金公司年末又刮高管跳槽风
1,基金开户数单周猛增45%
1,基金经理：牛年A股会牛
1,大成精选增值基金变更基金经理 张益凡上任
1,定向增发门亏25亿元 两基金踏血前行
1,年终分析基金 应把握六大主线
1,应构建基民维权通道
1,次新混合型基金业绩引领熊市
1,汇添富3000万元自购新发基金
1,海外基金 首次动用人民币买楼
1,溢价率大幅走低 瑞福进取定价成难题  
1,美联储降息助力QDII年末排名行情
1,货币基金申购增长逾四成
1,降息预期增强 债基一马当先
1,险资持基金股票3499亿元
1,鹏华基金公司董事长换人
1,鹏华基金变更董事长 何如将任第四届董事长
2,12月基金分红现小高潮 债基成分红亮点
0,51只货基39只收益率急降 约7%货币基金赚不到钱
0,QDII募集规模降六成
1,三只牛基熊市生存之道
1,偏股基金重掌发行话语权 年底获批基金均为股基
1,利率不断走低 货币基金借机跑马圈地
1,华商首只债券基金24日起发行
0,安信证券：基金经理频繁流动致基金业绩不稳定
1,新世纪基金管理公司法定代表人变更为陈重
1,明年或迎来基金产品创新潮
1,汇添富3000万元认购自家新发基金
1,深基指重回2700点 指数型基金领涨
1,2009年你该怎样买基金
1,6大券商投基策略：混基雄起 债基盛宴到头
1,债基俏 股基卖不掉
0,分散风险偏遇海啸 投QDII最多亏损超60%
1,十个词：浓缩基金这一年
1,喧嚣一年：投资利器Topview将告别
2,基基金坐收赛马实业65%净收益
0,基金经理熊市贬值 9成基民称其靠天吃饭
2,大盘重回2000点 股基仓位小幅回升
1,对冲基金清盘今年三季度创新高
1,对冲基金清盘数量今年第三季度创新高
1,10家中国公司受累麦道夫基金
1,2000关口基金做多险资做空
1,2009年权益类基金投资策略
1,67.77%的投资者攥基金被深度套牢
1,TOPVIEW让基金变笨 同行翻底牌窥视王亚伟
2,上周基金均获得正收益
1,上证50ETF出现历史最大单周净赎回
1,业绩分化加剧 大盘封基渐露价值本色
1,东方稳健回报今日开放申购
1,两日建仓15%：华商庄涛黑10月逆市出击防御类股
1,中小盘基金成反弹行情最大赢家
1,信达澳银认为明年虚拟经济流动性将改善
1,偏股基金岁末重现分红潮
1,兴业有机增长获准发行
1,基金态度反复 QFII钟情蓝筹
1,基金操作仍然延续分化格局
1,基金经理熊市年薪仍超200万
1,多数基金在熊市中裸泳
2,大盘再向上 基金一周40亿做多
1,熊市基金监管多管齐下夯实行业基石
0,私募基金年均亏损逾30%
1,股权投资基金管理办法渐行渐近
1,解读2008年 基金业十大焦点
1,避开春节假期 新发基金将明显减少
2,银华基金电子服务方案岁末升级
1,鹏华基金迎来十周年捐资灾区低调庆生
1,一股票基金开始发行
1,上投摩根亲子征文赛投票人数破12万
1,上海滩基金策略：空渐不闻多渐起
1,中小板ETF逆市上涨
1,华商收益增强基金12月24日发行
1,嘉实多元收益将进行分红 每10份派发0.13元
1,基金业将开始结构化转型
1,基金托管市场四分天下 交行接近第一阵营
1,夺冠倒计时 基金独门重仓股成决胜武器
1,岁末年关 新基金发行悄然回暖
1,市场唯一超短债基金抢手
1,布局QDII未来投资
0,新基金销售进入历史低谷期
1,海富通精选贰号基金 每10份拟分红3.20元
2,熊市中低位建仓 32只次新股基赚钱了
1,社保基金新开八账户
1,老鼠仓打击范围扩大
1,股票基金成近期基金发行主角
2,超短债基金咸鱼翻身
1,超短债基金申购旺盛
1,长信金利基金分红 每10份派发0.33元
1,2008基金业事件簿
2,32只次新股基赚钱了
2,上周基金开户数创近11周新高
2,中登公司最新数据显示 基金开户数连番增加
1,农银债券基金首发规模逾59亿元
1,农银增利基金首发规模逾59亿元
1,华商首款债券基金今起发行
1,南方基金签约山西焦煤集团年金项目
1,国泰金龙债券第八次分红 每10份派发0.2元
1,基金业绩增长难持续：都是变动惹的祸
1,基金公司备战房地产信托基金
2,基金开户数连续两周上升
2,基金开户数连续两周上升
1,基金投资者调查显示经营团队稳定性最受关注
1,基金数开户创10月份以来新高
1,基金法修订：建议统一立法
1,基金经理王勇08投资心路：关注造血胜过输血
2,央行降息 债基年末抢眼球
1,宝盈旗下两只基金变更基金经理 刘丰元辞职
1,宝盈旗下两基金变更基金经理人选
1,富国天时货币元旦前三日暂停申购定投转入
1,年末收官战 基金重仓股看点多
1,弱市关注超短债基金
0,收评：沪基指跌1.26% 场内基金几乎尽墨
1,新基发行送家书 基金巧打亲情牌
1,股基靠啃老本分红远超债基
1,解禁洪峰涌至 基金净值波动
1,货币基金投资正当时
1,连续降息债基长期走牛
1,3只新基金获批发行
0,QDII基金断档半年
1,上投摩根：明年关注五条投资主线
1,两只基金获准发行
1,中小盘基金脱颖而出 明年股指继续震荡
1,信达澳银领先增长增聘基金经理
1,信达澳银领先增长调整基金经理 增聘王战强
2,债基今年募集总规模突破千亿 超过之前6年总和
1,华商赎回旗下领先企业基金
1,基金年尾收官战渐分高下 二王上周减仓逃过暴跌
2,基金开户数连续两周上升
0,大跌之年 自购风卷走基金公司逾亿财富
1,招商现金增值基金元旦前三日暂停申购转入
0,损失惨重 QDII短期宜投抗风险能力较强市场
1,明年适合投资平衡型基金
0,昔日中邮和东方系牛基今垫底 年终大考难遮羞
1,沪基指半日微跌0.03% 成交量骤降超过三成
1,王亚伟VS王勇基金年末排名最后冲刺
0,瑞福进取创出上市以来新低 超高溢价遭挑战
1,益民多利债券基金首次分红 每10份派0.41元
1,蛰伏两年证监会再批货币基金
1,货币市场基金发行再度重启
1,2008年超常规下滑基金投资十大反思
1,2008江湖争霸 基金谁主沉浮
1,QDII基金分散风险说遭质疑
1,两大秘诀判定熊市基金优劣
2,今年获批基金108只创历史新高
1,传监管层暂停放行新债基 债市已相当股市5000点
1,低风险基金产品有望再扩容
1,债基2008年募集破千亿
1,债基今年募资突破1000亿
1,债基今年募集总规模突破1000亿元
1,债基今年募集超千亿
1,停两年后货基发行再启
1,兴业开通网上基金直销
1,南方现金增利元旦前将暂停申购和转换转入
1,基金排名决战最后四个交易日
1,富国天丰稳步上涨 瑞福进取市价创新低
1,年关到基金公司换人忙
2,收评：沪基指涨0.71% 超九成封基飘红
1,新华富时发布两基金指数系列
1,沪力推基金销售适用性
1,沪市基指连收四阴
1,深挖洞广积粮 基金为09年备下三件棉衣
1,益民多利债券基金首次分红
1,盐湖系复牌拖累基金净值
1,货币市场基金重启发行
1,需求旺超短债基金受青睐
1,2009 私募公募斗法有好戏
1,牛市靠销售 弱市练客服
1,证监会 派出机构将审核基金公司设立分支机构
1,业绩放两旁规模摆中间 基金争排位各尽其招
1,中信基金冲刺今年货基和债基双冠王
1,中国基金业十大新闻
1,为排名基金各显神通 弱震荡小盘股势头不减
1,创新型基金两种别样天空
1,华夏上证50ETF连续四周净赎回
1,华富基金调整基金经理
1,嘉实超短债规模超百亿
1,国泰金龙债券基金每10份派发0.2元
1,国联安德盛增利债券证券投资基金获批
1,基金全年自购超15亿 货币基金成12月新宠
1,基金拖延牛市百亿分红惹争议
0,基金直销不增反降
1,基金网上直销再遇银行加价
1,市场不会是单边趋势 诸多因素不确定
0,指数型基金周平均损失8.72%
2,收评：基指升1.09%跑赢大盘 封基近乎全线上涨
1,最后一周基金血拼营销 争排位各尽其招
1,次新偏股基金加入分红大军
1,盐湖合并案终出水：私募基金四方奔走拉反对票
1,股票基金尝到银行渠道闭门羹
1,融通基金工行建行定投有优惠
1,该用多少钱来买基金
1,风格分野：五大系各有核武器 抛弃羊群效应
2,上周基金小幅增仓4%
1,五类产品助基金公司构建完整产品线
1,交银增利取消大额申购限制
1,今年机构开设基金账户同比减逾5成
1,华商基金再添销售机构
1,基指逆市上扬 封闭式基金走势强劲
1,基金揭示明年主题投资路径
1,基金直销费率4折优惠变8折
2,套利机会露头封基连续大涨
1,富国天鼎结束集中申购 募集金额3.42亿元
2,封基年末逆市走强 分红或造就阶段性热点
1,封基诱惑 股票类资产折价高达60%
1,泰信基金公司变更董事长 孟凡利成新董事长
1,泰信基金董事长变更
1,融通继续参加两行定投优惠
1,金鹰红利价值打开申赎
1,长信利丰债券基金12月29日成立 首募逾8亿
1,08基金娱乐圈年度盛典 九大山寨最佳揭晓
1,2008 对冲基金梦魇之年
1,兴业基金获两项电子金融金爵奖
1,华宝兴业债基节后发行09新基再从债券开始
1,华宝兴业增强收益新年首只新基金
1,博时中标平顶山煤业年金
1,博时基金中标煤企年金管理项目
2,基金开户数创12周新高
1,岁末新基金发行继续萎靡不振 
1,广发沪深300三周募集6.54亿份
1,广发沪深300指数基金正式生效
1,广发沪深300指数基金首募6.54亿
2,开放基金年均跑赢沪指11%
1,招商基金更换基金经理 
1,招商安泰系列及招商安本基金更换基金经理
1,浦银优化收益债基首募7.71亿元
1,股基提前锁定前三甲 王亚伟难翻盘
1,股票型基金提前锁定前三名
1,长信利丰债券基金成立
1,2008年：中国基金业十大看点
1,今年新发基金大幕由债基开启
1,基金经理眼中的2009年另类投资领域
1,盐湖双雄连跌停 公募基金一致行动换股方案难定
1,私募基金经理：越抄底越伤心 09年短线为王
1,高折价率铺下安全垫 投资封基最放心
1,国投瑞银货币基金1月6日起发行
1,银河证券09年基金投资策略报告：可选择ETF基金
2,南方许荣：年末经济恢复性增长
1,弱市购买债券基金有四个注意
1,熊市短博战：一位私募基金经理投资手记
0,2008年股票投资基金资产缩水五成
1,中银策略推出定投优惠
1,价值投资成就基金财富传奇 
1,券商集合理财产品跑赢公募基金
1,华夏基金新年调整旗下多只基金基金经理
0,基金业资产规模创历史最大跌幅
1,基金规模四季度逆市增加1280亿
1,基金高管密集变动
1,多家基金一季度打算轻仓运行
1,多家新基金上演基金经理金蝉脱壳
1,富国天利增长第十九次分红 每10份派0.2元
2,尽管缩水严重 去年投连账户跑赢大盘
1,工建中农交五大银行垄断基金托管市场
1,念好投资8字经：控制风险 灵活进退
2,收评：沪深基指震荡收高 迎来开门红
1,新浪年度基金经理出炉 王亚伟李源海领衔
1,易方达基金2亿固有资金申购旗下易方达50
1,欧洲第一基金经理不解王亚伟为何看空银行股
1,汇添富基金推出工行建行定投优惠
1,牛年六大标志找牛基
1,牛熊转换间 基金业贫富差距陡然增大
1,王战强：震荡市重在挖掘独特企业
1,12月50ETF遭遇年度最大赎回
1,2008年封基净值表现强于开基
1,50ETF去年12月出现巨额净赎回
0,8只封基市价亏损超过净值损失
1,Money50之固定收益类基金：资产的稳定器
1,Money50之封闭式基金：业绩与折价率同样重要
1,Money50之配置型基金：攻守平衡是关键
1,五大ETF赢得开门红
1,今年会出现保本基金热吗
1,低风险产品拉开今年新基金发行大幕
1,信达澳银基金建行定投费率优惠
1,公募基金一年亏光十年利
1,南方基金彩虹之旅中国行北京专场日程安排
1,去年8只封基市价跌幅超过净值跌幅
0,去年基金净值规模缩水41%
1,国投瑞银货币基金发行
2,基指喜迎开门红 指数基金涨势强劲
1,基民秋后算账凸显投资顾问缺失难题
0,基民预期收益今年降至20%以下
1,基金公司再掀自购潮 债券货币型占主导
0,基金去年缩水近1.3万亿
1,基金携1.89万亿进军2009
1,巧借货基冲刺基金公司规模重排座次
0,市值战落幕 31只基金赔了夫人又折兵
1,申万巴黎降低建行及招商证券定投申购金额
1,股票基金前20名八成易主 成功跨越牛熊者寥寥
1,规模业绩双丰收 债基完美收官
1,赞助资金大幅撤出 次新基金规模骤降 
1,长城久富(LOF)增聘韩刚先生为基金经理
1,长城安心回报变更基金经理 徐九龙上任
1,17个交易日折价超20% 大成优选走近救生艇条款
2,6日股票基金延续普涨 四成基金涨幅超2%
1,QDII基金新年出现净申购
1,万家基金欧庆铃：今年解禁股压力比去年小
1,上投摩根09年投资策略：一条主线与三个主题 
1,中海蓝筹基金12日起开放日常申赎及转换
1,交银债券基金去年收益夺冠
1,华商收益增强基金新增工行代销渠道
2,华夏基金管理规模超2000亿领跑基金业 
2,嘉实基金市场份额整体业绩同步提升
2,嘉实资产管理规模升至第二 
1,基本面左右债市行情 下半年不确定性较大
1,基金低风险产品逆市增长 拉升基金份额
1,基金年度排名：透明化的压力
1,基金开户去年底回暖 12月基金开户数突破10万
1,基金新增开户数2008年达273万户
1,基金贫富差距越拉越大
1,宏源证券7日起办理上证红利ETF申购和赎回
1,指数基金暴涨 中小板ETF显疲态 
0,收评：沪基指下跌0.34% 逾七成封基收跌
1,新科赚钱王出炉 交银增利基金快速上位 
1,易方达今年换口味2亿元自购指数基金
1,解密易方达专户2008年逆市正回报 
0,长城安心回报排名倒数第一 基金经理闪电下课
1,2009年基金经理新投资动向：先债后股
1,9成阳光私募折戟 扩容后遗症显现
1,QDII净值新年迎来一波反弹
1,上投摩根中小盘基金开始发售
1,今年或是保本基金年
1,信诚基金：反弹将轮到主流蓝筹股
1,分红成熊市提振股基业绩良方
1,华安增上海银行为代销机构
1,南方避险明起打开申购
1,嘉实超短债今起限制大额申购 上限100万元
0,基指冲高未果收跌 两市基金涨跌互现
1,基金业集中度上升 赢家通吃局面或加剧
1,基金公司乐观看市 把脉09年投资机会
1,基金达人 60日收益率22%
1,次新QDII逆市抗跌 反遭大幅赎回
1,盐湖钾肥七跌停 扎堆基金苦不堪言
1,盐湖钾肥早盘打开跌停 基金现多空分歧
1,货币基金规模占比有望再度提高
0,QDII遭遇成长烦恼 数量翻番难掩连续两年亏损
2,万家货基净值增长率居前
1,保本基金掀起跨年度热销潮
1,债券基金胜过定存
1,华宝兴业现金宝将限制大额申购 上限100万
1,华宝现金宝限制大额申购
1,去年百只新基金出生 首募逾1800亿
1,嘉实基金份额业绩取得同步提升
1,基金专户理财熊市普遍正收益
1,基金公司备战新产品 主打偏股型
1,基金解读牛年行情
1,基金魂断盐湖钾肥 酿苦酒自饮
1,工银瑞信旗下基金在深发展开通定投业务
2,收评：沪基指上涨1.73% 场内基金全线飘红
2,次新基金逾三成取得正收益
2,沪基指跌幅逾2% 50ETF领跌交易型基金
2,泰达荷银合丰成长基金总回报率居首
1,浦银安盛优化收益基金12日起开放申购赎回
0,盐湖钾肥遭遇八个跌停 基金巨亏近130亿元
1,蒋峰：金融危机可能对世界经济格局有重大影响
1,货币基金发行重新启动 总规模超出过去3年总和
1,连续7个跌停 基金博弈盐湖钾肥
1,面对套牢 多数基民选择坚守
1,首只保本基金长期收益居前
1,REITs将比炒股还火爆
1,两市基金全线收涨 中小板ETF一马当先 
1,交银增利成基金赚钱王
1,今年投基关注十大掌门
1,债市持续走强 债基货基限购潮再起 
1,各路基金把脉2009投资机会 
1,基金也可玩变形
1,基金持有人能享受哪些服务
1,基金理财仍是大趋势
1,封基长期投资价值突出
1,新发基金受困三大软肋
1,新年投基：换脑子调思路
1,熊市新气象 基金经理跨年度异动
1,电力设备两头受益 有色金属最先复苏
1,逾七成偏股基金跌破面值
1,陈金霞听政第一课 国金通用基金待最后批文
1,首个第三方私募基金评价系统诞生
1,09年基金市场迎来开门红
1,三要素助基金私募产品跑赢公募
1,上证50ETF新年第一周被赎回5.59亿
1,专户理财门槛或下调基金公司厉兵秣马
1,低风险理财工具优选债券型基金
1,信诚三得益基金限制大额申购
1,公私募大战：靠基本面分析VS善波段操作
1,农银成长两月净赎回率近45% 责任营销仅帮一时
1,冠军基金经理揭开债券投资奥秘
1,华夏6只基金恢复申购 
1,华夏多只基金恢复申购
1,国金证券基金经理评级出炉
1,基金上周净值整体上升
1,基金业08一年亏掉十年赚的钱
1,基金仍是未来投资者首选品种
1,富国天时货币暂停大额申购
1,市场反弹提升基金业绩
1,弱市避险为上货币基金火热重现
1,当基民还是懒点好
1,投资者看重基金公司品牌
2,收评：沪基指微涨0.16% 全天冲高回落
1,新动荡：257只基金换操盘手 413位管446只基金
1,新年开年是业内定位新基金发行的良好时间窗口
1,汇丰晋信：经济数据出台前大幅波动可能不大
2,汇添富旗下基金业绩整体表现优秀
2,汇添富旗下基金整体业绩突出
1,第六届中国基金业金牛奖揭晓
2,股票基金整体投资业绩前五名 
2,货基改变存钱习惯 大摩货基去年收益率超过3%
1,货币基金债券基金大额限购风再起
0,部分小基金逼近清盘线 基金今年将遭赎回重压
1,银行系基金去年迅速成长
1,QDII基金近期业绩远不如A股基金
1,三招用活基金业绩排行榜
1,中比基金否认拟募集30亿元二期基金
0,债券基金收益率直线下降
1,净值反弹潜藏暗礁 公募基金赎回压力有多大
1,华夏五只基金同时放开申购
1,华夏基金合并中信基金案将收官
1,华夏多只基金恢复正常申购
1,华夏接管中信全部基金 基金业首例合并案提速
1,华夏收编中信旗下基金
1,华夏旗下五基金恢复正常申购
1,华安基金获选2008年度十大金牛基金公司
1,去年基金业绩大变脸 靠排名选基已成过去时
1,国内首份阳光私募08年度榜单出炉 公募难比肩
1,基金保名过后保命 年终行情之后仓位普遍下降 
1,基金首例合并华夏接管中信
1,富国天时货币暂停大额申购
1,我国基金业首例合并案诞生
1,把握债基的幸福时光
1,放松融资限制 房地产投资信托基金呼之欲出
1,新年第一周基金主动减仓2.13%
2,易方达专户理财开年现新亮点
1,易方达基金四度荣膺十大金牛基金公司
0,景顺长城去香港开奢侈报告会 费用基民买单
0,景顺长城核心人物流失伤业绩
1,泰信基金旗下基金继续参与工行定投优惠
1,货币基金短期收益率乍现回归 投资标的表现欠佳
1,2009年开年第一周基金开户数回落
1,5只基金即将入市 偏股型基金发行回暖
0,QFII基金去年亏损逾65% 仍然看好A股市场
0,QFII基金去年亏损逾65%
1,两股基成今年首批开闸新基
1,中国外汇局累计批出128亿美元QFII额度  
1,中银行业优选基金获准发行
1,债券基金新年再续分红行情
1,华夏与中信基金合并迈出关键一步
1,华夏现金增利下调申购限额
1,华安收益债基10派0.3元
1,南方鹏华今年股市应对策略 积极防御与波段操作
1,博时三基金蝉联天相五星评级
1,基金防御开局：一月快进快出
1,富国基金再获金牛基金公司大奖
1,富国天时货币暂停大额申购
1,封基成弃儿 逐步边缘化
1,广发沪深300指数基金16日打开申赎
0,货基债基收益大幅下降
1,银行开打基金定投全年优惠牌
1,4只偏股基金将集中入市
1,QDII开门报忧 3角基金重现
2,两市基指强劲反弹指数基金一马当先
2,资金面宽松助推新基金发行
0,超配VS减持 基金对地产股分歧加剧
1,重仓地产股 中邮系基金赚欢了
0,49%的公募基金经理看空本月股市
1,上周基金增减仓分歧明显加大
1,东方基金推出定投四折优惠活动
1,国投瑞银备战专户一对多业务
2,基金专户理财市场春潮涌动
0,基金分红只为配合营销 中海优质成长受质疑
1,境外专户理财投资开闸
1,外汇局：QFII额度正陆续审批
2,大摩华鑫基金申购费率六折优惠
1,委员建议进一步规范基金信息披露
1,左红代表建议修改基金法
2,摩根士丹利华鑫申购费率优惠
1,无新可打 债券基金欲借道可转债突围
1,监管层问策基金公司 一对多专户理财开闸在即
1,社保基金终止连续开户步伐
1,私募强势参与上市公司定向增发
1,融通债券基金第九次分红
1,融通债券基金进行第九次分红 每10份派1元
1,银华两基金加入转换
1,银华基金旗下两基金开通转换
1,银华旗下两基金开通转换 
0,16只基金违约 810亿红利沉没
1,IPO改革渐行渐近 基金热议红鞋制度
1,公募私募抢单大战一触即发
1,分红封基表现抗跌
1,基金混战加苦战：以小仓位高换手博差价
0,封基交投不旺 惜售迹象显著 
1,私募2月平均收益4.56%
2,私募无畏通缩 称经济形势在好转
0,觊觎官钱创投移情引导基金
0,铁公鸡一毛不拔 基金分红被扭曲 
0,铁公鸡一毛不拔 基金分红被扭曲
1,17只新基建仓预测：偏向金融地产板块
1,2009年基金投资的四大注意
0,4～5月将再现基金经理离职潮
1,三只新债基卖了66亿 债券基金又成热门
1,三招选定新基金
1,上周149只基金减仓超2%
1,中邮核心优选将恢复日常申购
1,主流基金公司大多在减仓
1,债券基金收益分化
1,偏股基金净值-2.75% 偏股券商理财收益-1.88%
1,凭证式国债热销 债券基金亦成热门
1,分红并非考量基金业绩主因
1,刘杰文建议：震荡市下可适当配置债券基金
1,华宝兴业动力组合刘自强：抢钱时代重临
1,基金上周整体主动加仓
1,基金专家建议：投资者宜把握股债轮动机会
1,基金扎堆调研 资产配置思路亮底
2,居民投资意愿回升 易方达等新发基金认购放量
1,市场走向看一季报脸色
1,招商基金宝二期：投资优胜者基金 
1,新一代创新基金产品雏形显现 
1,次新基金业绩相差20个百分点
1,流动和安全优先 嘉实回应货币基金业绩垫底成因
1,海外基金分红并非助力营销
1,百亿偏股新基金月内排队入市 
0,私募撒手不管 牛股丧失牛性
1,进退自如：可转债基金1月内跑赢所有股基债基
1,银行渠道引入第三方基金池
2,鹏华基金今年表现出色
1,鹏华盛世缘何踏空反弹 都是营销潜规则惹的祸
1,2月份QFII规模较上月缩减10.22%
1,9只增强型债基收益率超过1%
1,QDII基金出现反弹
1,今年以来封基净值平均增长12.46% 
1,债券型基金仍受青睐
1,兴业基金：把风控放在首位
1,华夏10只基金七只减仓 公募三月又现看空情绪
1,华安电子直销推出货基赎回转认购功能
1,南方要推指数化QDII
1,基金专户新增资金逾八亿
2,基金业绩稳超大盘 
1,基金公司备战专户一对多
1,基金定投运动愈演愈烈
1,基金态度基金态度
0,基金首轮分红多数成铁公鸡
1,封基抗跌走强 又是分红助推
1,小基民大智慧 见好就收成就趋势投资
1,广发基金推出我爱我家定投理财系列
1,应对震荡市基金勤奋调研
1,德圣基金研究中心一周研究回顾
2,投资意愿回升 新发基金销售放量
0,新发基金对市场推动有限
1,景顺长城鼎益基金基金经理变更 涂强接任
2,海外市场反弹 QDII基金净值劲升
1,社保基金被套后续 2月停开A股账户或留玄机
0,部分产品跑输大市 券商集合理财与基金比着亏
1,金融地产多日逆市发飙 基金经理还是不敢下手
1,银华基金推广电子对账单
1,阳春三月偏股基金排队上市
2,鹏华基金业绩超越同类平均水平
1,上周A股开户数骤降 基金新开户数陡增
2,上周基金开户数再度走高
1,上周新增基金开户数重回4万关口
0,上周跌幅与股基相近 平衡型基金名不副实
1,东方基金增加交行为代销机构
2,准分红基金领涨 封基走势强劲 
1,国投瑞银网上定投专区全面升级
1,基智定投颠覆传统模式
2,基金实地调研收获信心 未来市场跌不下去
0,基金首轮分红成铁公鸡
0,复制版牛市貌似神离 基金经理不那么乐观
1,抄底冲动引发基金系QDII创新热
1,指数QDII产品即将面世
0,攀钢系横盘半月基金苦守其中
2,沪基指半日涨0.45% ETF基金再度全线上扬
1,泰达荷银集利债基首次分红
1,社保基金2月停开A股账户
0,私募开始寻找大牛股：熊市已经过去
1,银行系基金添新丁 华夏银行拟设合资基金公司
2,长盛旗下三基金获五星评级
1,阳光私募靠业绩大肆扩容
2,鹏华旗下股票基金添强力中锋
2,A股弹药充足 基金手握4000亿
2,上周基金开户数再度走高
2,债基今年来平均收益由负转正
2,债基需求将越来越旺
1,兴业可转债基金将5万元以上客户暂拒门外
1,利润保持原样 广发基金去年净利润近6亿
1,华夏基金围攻三板块
1,华夏银行成立合资基金公司
0,去年对冲基金倒闭数创新高
1,吸纳外资投A股 基金海外公司谋QFII牌照
2,基金弹药充足 4000亿待入市
1,广发基金推我爱我家定投理财系列
1,打击老鼠仓可引入举证责任倒置原则
1,指数基金或迎来战略机遇期
1,机构申购指数基金踏准反弹行情 
0,谁是分红最抠门的基金公司
0,货币基金7日年化收益率不足1% 
1,银华和谐主题基金正式获批
1,银河银信添利第七次分红 每10份派0.22元
1,防火墙短板拷问银行系产业基金 
1,12亿元抄底地产股 中邮系圈地路线图曝光
1,15只新基金首募逼近300亿元
0,4年牛熊轮回基金择时能力有点差
2,QFII基金在日本热卖
1,中国证券业协会发布《基金经理注册登记规则》
1,中邮核心优选向老客户恢复申购
1,今年仅5只主动基金跑赢指数
1,农银汇理旗下两基金开通定投
2,华夏基金蝉联理柏中国年度最多奖项
1,基金激辩银行股：看二季度信贷数据
1,富国基金推出女性理财主题月
0,对冲基金资产9个月蒸发6000亿美元
2,日本投资者抢购QFIIA股基金
1,杠杆型基金升级版现身 指数型QDII即将破茧
1,熊市照提管理费 基金公司捞钱不手软
1,理柏中国基金奖2009获奖名单
1,社保基金抄底暴赚后离场
1,15元附近基金快速减仓包钢稀土
1,QDII三大派系投靠谁
2,万晓西韩亚庆：不打无把握之仗 
2,三剑齐发 基金专户理财规模有望暴增
1,业内人士提议公募指数化QDII沽空
1,两年内跳槽两次将不得获任基金经理
1,关注分红封基的交易机会
1,兴业：按照自己的节奏奔跑
1,刘天君：混沌市场的清醒客 
1,创新封基存套利机会可积极关注
2,华夏基金公司获6项大奖
1,华安：老骥伏枥志在千里 
1,博时：争做市场造钟人
1,吴洪坚：基金经理的马拉松
1,嘉实；新十年打造2.0版本 
2,基金QFII赌赢祁连山重组获利3亿
0,基金公司员工不得炒股
1,基金公司应为特定资产管理组合开设单独帐户
0,基金投管人员戴上紧箍咒
1,基金新增开户数吹响集结号
1,基金经理变动频繁新基金发行审批难
1,多只债基分红财富效应再现
1,孙占军：低调的大手笔
1,富国：十年磨一剑迈步从头越 
1,尚志民：2008年值得铭记
1,巧妙缩短基金赎回时间
1,巴菲特的熊市投资原则 
1,张勇：制胜关键在于提前布局
1,张晓东：灵活策略应对牛熊转换
1,张翎：稳步健行章法有度
1,易方达拟任经理伍卫：我是给投资者打工
1,易方达：在思索中不断前行
1,李菁：积极关注波段性机会 
1,杨云：双引擎护航远征
1,杨锐：宏观投资方法的践行者
1,王炯：不重暴利重长远 
1,胡建平：夯实脚印以稳致远
1,董承非：攻防结合稳中求进
1,袁野：投资需要国际化视野 
1,证监会新规全面约束基金公司投管人员
1,通产丽星08年净利微增 基金频繁调研后大幅增仓
1,邵健：对中国企业有信心 
1,银行系基金发行熊市胜出
1,防御型股基
1,阳琨：投资如棋落子无悔
1,中邮基金探视三日凶悍风格继续
1,基金专户理财添强心剂 QDII专户一对多放行
1,17只五星基金跑输一星基金
1,2009年新基金募集近300亿元
1,2009年金牛基金论坛在京举行
0,20日股票基金跌多涨少 逾八成基金净值下挫
1,一星级基金领跑2009
2,上周股票基金全线劲升 高仓位指数基金领涨
1,中邮核心优选基金向老客户恢复申购
1,今年以来股票基金业绩最大差距：35.51个百分点
1,优先列后产品有望成专户新兵 
2,偏股型基金认购渐入状态 牛年募集近300亿元
1,兴业有机增长基金发行圆满结束
1,决战第一季偏股基金座次初定
1,华商基金农行定投享优惠
1,华商基金农行定投享受七折优惠
1,华夏基金蝉联理柏最多奖项
1,合资基金公司两年即换总经理
1,吴晓灵：加快发展人民币股权投资基金
1,周道炯：始终保护持有人合法权益
1,嘉实量化阿尔法基金成功募集29.6亿
1,国联安德盛增利债基23日起开放日常申赎
1,基金仓位净值测算准确度几何
1,基金加仓主攻三大阵地
0,基金定投并非百战百胜 7年收益曲线波幅50%
1,基金经理不得为本公司产品当托儿
0,基金经理套上注册紧箍咒 两年跳槽两次取消资格
0,工行托管年金基金去年末达540亿元
2,指数基金领跑净值悉数上涨
1,收评：沪基指上涨1.71% 场内基金普涨
2,易方达刷新半年偏股基金募集新高
1,景顺长城基金公司聘任蔡宝美为副总经理
1,汇丰晋信旗下3基金农行定投申购费率优惠
1,沪基指收复3100点关口 封基近乎全线上扬
1,泰达荷银释疑：基金风格相近为何业绩迥异
1,第六届中国基金业金牛奖举行颁奖典礼
0,股票方向理财产品均获正收益
0,警惕私募保本陷阱
1,银华和谐主题基金26日起发行
1,银河证券董事长李鸣：加快基金产品的交易所化
1,陈昌智表示基金业应肩负起更重要的责任 
1,4月1日起两年跳槽两次基金经理将被取消资格
0,买债基不同于买国债 收益预期高也有亏本风险
1,今年以来19只债券基金分红
1,低调加仓：QFII春季的闷声战役
1,债股转换慢一拍债基痛失反弹盛宴
2,兴业有机增长基金募集近20亿
2,净值大幅回升 两只QDII逼近面值
1,四基金公司获上铁年金管理人资格
2,基金发行回暖 500亿首募资金排队入市
0,基金经理跳槽有紧箍咒
1,收评：沪基指上涨0.43% 全天震荡回落
1,新基发行回暖 3月100亿新基金排队入市
1,晋亿实业涨势如虹两基金埋伏其中
2,牛年偏股新基金募集近300亿元  
1,皮海洲：基金管理重在落实处罚
1,谁在误读造船业的涨停 基金谨慎应对朦胧利好
1,金元比联丰利债基募集14.74亿
1,长盛基金去年获净利2.4亿
1,鹏华普天债券基金分红 每10份派现0.2元
1,鹏华沪深300基金本周五结束募集
2,15只次新基金净值创新高
2,24日股票基金涨多跌少 九成半基金净值上扬
0,两基金公司去年利润大幅下降
2,两市基指放量再拔高 交易型基金碎步小跑
1,中海基金将引入海外投资者
1,中行新版网银买基金享八折优惠
1,交银施罗德专户业务运作良好
1,交银施罗德：专户运作一年回报超大盘
1,今年已有24只债基分红占分红基金总数7成
2,偏股型新基金发行回暖
1,南方基金表示QDII专户可随时投入运作
1,嘉实基金推出国内首只基金投资者信心指数
1,国内首只基金投资者信心指数亮相
1,国内首只基金投资者信心指数出台
1,年报露冰山一角 基金公司盈利能力现分化
1,库存大降 基金又对煤炭股下重手
1,指数型基金短期胜出 封闭式基金分红潮涌
1,新基金500亿元募资排队入场
1,新基金募集500亿元
1,景顺长城基金总经理梁华栋离职
1,本周又有百亿新基进入建仓期
1,汇添富价值精选开放申赎
0,沪基指失守3100关口 两市基金近乎全线下挫
1,海富通领先成长股票基金3月30日起公开发售
2,直逼5万 基金周开户数创一年来新高
1,近期18只偏股基金成立 将为股市新增300亿资金
1,银华基金杨靖聊政策性主题投资机会实录
1,首只基金投资信心指数问世
1,17只阳光私募3月份火速成立
0,25日股票基金全线受挫 九成半基金跌逾1%
1,3月来反弹强劲部分QDII现净申购
1,三成二年级基金经理具备择时能力
1,上投摩根投资总监孙延群病休
1,东吴新基金30日发行
1,东吴进取策略基金30日起发行
1,两市基指低开收跌封闭式基金急刹车
1,博时基金副总裁李全：辩证看待基金分红
1,国富成长动力基金3月25日成立 首募11.09亿
2,基金08年年报今起披露 今年投资策略可更积极
1,基金经理年报透露心声：09年俯卧撑行情概率大
1,基金频繁自赎为哪般
1,封基分红潮暗流涌动
1,封闭式基金昨日开始分红
1,整治老鼠仓还须正本清源
1,景顺长城基金总经理辞职
1,景顺长城总经理离职
0,景顺长城老总梁华栋去职内幕
1,机构散户分歧两ETF基金
1,次新偏股基金建仓两极分化
1,民生加银新基金成功募集
0,沪基指半日收高0.01% 两市封基七成半飘绿
1,海富通领先成长基金即将发行
1,索罗斯赚11亿排名第四
1,证监会基金监管部主任：以平和之举行风雷之事 
1,银华中标山东电力企业年金
0,首批基金年报亮相 95只基金累计亏损超3000亿
1,首批基金年报：新估值法缩水基金利润
1,157只基金年报显示机构投资者去年增仓基金
1,东吴进取策略基金30日发行
1,券商集合理财产品频频类基金化
1,国海富兰克林基金拟自购国富强债3000万元
1,基金从业者去年下半年加仓基金
2,基金公司专户业务回报良好
2,基金投资总监掌舵品种业绩抢眼
1,基金新规施行在即老鼠仓还会有吗
2,基金转投高成长
1,建信获值得托付基金公司奖
2,沪基指创本轮反弹新高 封基仍是价值金矿
1,海富通基金：新能源汽车板块存在内生动力
1,荷银合丰周期基金增聘吴俊峰担任基金经理
1,融通内需驱动基金新增代销机构
1,货币基金得到上市公司熊市垂青
1,选基讲究组合搭配
1,银华和谐主题基金正式发行
2,银行股业绩超预期 基金去年四季度就开始加仓
1,鹏华沪深300指数基金今日结束募集
2,QDII基金半月平均涨幅超一成
2,净值重回1元面值 QDII基金扬眉吐气
0,基金经理新规实施在即 业内反响平淡
1,年报总结不忘调侃 基金经理也玩幽默
1,建信基金陈鹏：第二季度市场展望与投资策略
1,次新基金建仓首选蓝筹股 万科A最受宠
1,深圳私募大军揭秘：规模5000亿占全国一半
1,谁是抄底基金群体中的失意者
0,私募基金2008年亏损三成
1,157只基金首曝年报 王亚伟看好券商化工
1,3月以来成立新基金合计募资303亿元
2,QDII净值强劲回升引人关注
1,世界25名顶尖基金经理 去年狂赚百亿美元
1,东吴进取策略基金今起发行
1,两只2008年没有犯错的价值型基金
1,交银施罗德基金经理：配合新基金猛推中小板
1,交银货币清明假期前两日暂停申购和转换入
1,债券货币基金看市场 下半年经济存在好转机会 
1,偏股基金平均首募额重回20亿
1,八大金牛基金语录 比08年更积极
1,博时三只基金四月集体分红
1,同门基金业绩相差近20%
1,国泰基金敲响与纳指合作之声
1,国海富兰克林30000万元自购旗下债基
1,地方债不会挤占城投债发行空间
1,基金90次精准布局高送转股
2,基金QDII抄底美股大反攻 部分机构已悄然加仓
1,基金产品交易所化革命
1,基金太多基民挑花眼
1,基金安信10份派现2.60元
1,基金经理频繁跳槽：该出手时就出手
1,基金销售二八现象明显
1,对冲基金寻觅买入良机
0,封闭式基金08年惨淡分红 
1,封闭式基金：分红行情局部展开
0,收评：沪基指跌0.44% 逾七成封基下挫
1,易方达获金基金特别贡献奖
0,最疲劳的基金经理
1,海富通领先成长基金今起发行
2,牛熊转换 中国私募基金各显神通
2,盈利预期止跌回升 周期类股重获青睐 
1,看懂基金年报三步走
1,私募高呼投资A股正当时
1,经济增长将现结构性特征
2,股基整体仓位创年内新高
1,证券业协会会长黄湘平：基金产品创新将加快 
1,风投大佬激辩中国海外抄底危与机
1,风格相近基金业绩相差超5%
1,2008年年报揭底：最牛基金瞄准三类股
2,307亿 基金公司管理费收入创新高
1,3月QDII出现机构巨资净申购
0,424只基金去年累计亏损1.5万亿元
0,QDII基金首季平均净值下降1.32%
1,QDII大幅反弹 近期资金净申购
0,两市基指缩量微跌 可交易型基金跌多涨少
0,中邮核心优选仅募集6亿元低于预期 
1,信达澳银稳定价值提前结束募集 4月2日截止
1,华宝兴业宝康变更基金经理 谭微思将上任
0,去年基金业亏损1.5万亿元 
1,国海富兰克林基金3000万元自购
2,基金公司管理费收入超300亿 华夏27.9亿领先
2,基金年度托管费首超50亿
2,基金年报为A股定调：今年机会大于风险
2,基金：期待2009
1,富国天利增长09年首次分红 每10份派0.2元
1,机构增持股票型基金
2,股市回暖 基金定投业务热得发烫
2,金鹰红利后来居上 分出第一桶金
0,424只基金去年亏损1.5万亿
0,424只基金去年亏损达1.5万亿
0,424只基金去年累计亏损1.5万亿元
1,一季度基金业绩榜单揭晓 股基赚钱效应凸显
0,一季度股票方向基金整体跑输大盘
2,上周基金开户数创一年来新高
1,五基金公司热捧力源液压定向增发
1,交银先锋基金可投创业板
1,偏股基金享受红色一季度 平均收益23.46%
1,创业板开闸 基金猛攻创投板块
1,华夏债券进行第十八次分红 每10份派0.2元
1,四大银行系基金公司露出家底 
1,基金交易佣金 中金跃居第一
2,基金周开户近7万再创新高
1,基金年报全披露：418只基金亏1.5万亿元
1,基金无惧分流埋伏创投股
0,基金的担心：别被炒成柠檬市
1,基金称将适当投资创业板
1,如何快速晋升成为庄家
1,广发基金朱平：新能源板块是孕育黑马的温床
1,成立仅三个多月金鹰红利快速分红
1,易方达基金延期优惠工行网上申购
1,本季最后交易日基金重仓三驾马车奋起反击
1,益民基金公司总经理刘义鹏离职
1,益民基金总经理辞职 宋瑞来代理总经理职务
1,益民货币基金2日起暂停申购 因清明节假期
1,融通基金工行网银申购有优惠
1,融通工行网银申购有优惠
0,一季度QDII基金全面跑输A股基金
1,一季度业绩榜单出炉：偏股基金最大差距40%
0,一季度基金跑输大盘
0,万家基金年报自曝违规 指数基金遭遇监管难题
1,上投摩根免去蔡奋威董事职务 章硕麟将履新
1,上投摩根：制度带来稳定收益
1,个人基金管理费将不超10%
1,中国股权投资基金协会即将成立
1,中邮核心一季度赚45% 股票基金三甲座次排定
1,偏股基金业绩最大差距46.21%
1,华夏大盘精选将分红 王亚伟派6482万大红包
1,博时旗下基金集体分红
1,基金专户理财跃跃欲试创业板
1,基金二季度投资策略亮相
0,基金增仓股跑输基金减仓股
2,基金新增开户数创新高
2,基金新增开户数连续一个月创新高 
1,基金误判错失一季度赚钱盛宴
1,如何挑选合适的债基 仅7只封基具分红能力
1,注册登记制新规正式实施 基金经理变更依然潮涌
1,长城基金：二季度寻找主题投资机会
1,9只偏股基金净赎回28.3亿份
1,一季度基金业绩榜单揭晓 去年10强牛基8名出局
1,一季度基金收益首尾相差50%
0,二季度市场能否延续强势
1,五洲交通华夏系基金一季度买入1232万股
0,公募基金一季度排名揭晓 熊市派集体沉沦
0,公募基金去年巨亏1.5万亿元 管理费却升8%
1,创业板开闸 基金瞄上创业板机会
0,吸引力骤降 货币基金放松申购限额
1,嘉实多元收益基金将分红 每10份派发0.1元
1,国泰双利债券基金8日起开放申购赎回业务
2,国联安精选基金净值增长近四成
0,基金公司资产质量现形 规模接近管理费却差一倍
1,基金新增开户数突破6万户大关
1,如何获取超额收益 基金说法不一
2,新基金发行强势回归
1,次新基金建仓临近收官 景顺长城仓位仅三成
1,社保基金与QFII上演多空对决
1,股基分红能力锐减 次新股基成分红主力
1,货币基金取消申购限额
2,银行系基金公司逆市崛起
1,银行自有产品躲猫猫 基金占领理财中心
1,474.264亿：一季度基金业发行情况报告
2,48只基金建仓股跑出8匹黑马 中国软件涨近200%
2,两类基金表现最牛
1,券商去年基金分仓佣金42亿 中金等公司收获过亿
1,华山论剑 中国私募重排座次
1,基金收益分配条款出炉 基金合同要定分红次数
1,最新基金经理榜：王亚伟孙建冬王晓明列三甲
1,诺安基金发信托被指利益输送
1,阳光私募抢滩新能源
1,基金新猎物
1,6基金狂飙：中邮13.04%埋伏地产 光大紧盯有色
1,新发基金成一季度行情做多力量
2,沪基指创七个月来新高
2,QDII净值单月增21% 争当反弹急先锋
1,QDII基金首现分红
1,三基金加盟分红大军
1,上投摩根亚太优势暂停申购赎回 因逢节假日
1,上证180ETF第二次收益分配 10份派1.49元
1,中海稳健收益将第二次分红 每10份派0.3元
1,二季度投基之道：选好品种 高抛低吸
1,交银施罗德签署国内首单QDII专户合同
1,交银施罗德签署首单QDII专户合同
1,交银施罗德签首单QDII专户合同
1,交银环球基金暂停申购赎回 因逢复活节假期
1,债券基金：收益稳健的投资品种
2,华商基金旗下偏股型基金跑赢大盘
2,华商旗下股基一季度跑赢大盘
1,基民二季度投资策略大分化
1,基金乐观看后市建仓趋向主动
1,基金分仓佣金争夺战白热化
1,基金缩水榜：景顺长城居首
1,基金隐形控盘股达16只 全控盘股多是消费股
1,基金隐形重仓股揭秘
1,大盘突破2400 基金空头情绪渐趋浓厚
1,天弘永定价值基金增聘基金经理 吕宜振上任
1,小李的第一份基金组合
2,新基金发行热度不减 沪深300指数基金很受宠
2,新基金领跑优势有望持续
1,机构投资者的资产配置与再平衡
2,次新基金七明星一季度收益率超32%
1,海富通中国海外首发红包
0,重仓股表现不佳 基金二季度关注选股能力
1,顺应市场趋势 加大对股基的投入
1,首单QDII专户合同落户交银施罗德
1,鹏华沪深300指数基金3日成立 首募近20亿元
1,3只ETF整装待发 上证央企50或抢前
1,3月份共有12只基金开始募集发行
1,QDII基金首现分红
1,不惧犯忌基金频搏ST公司
2,业内人士预计今年基金换手率可能超过2007年
1,业绩相差超过12% 基金经理一拖多业绩分化乍现
1,今年选基金重点看公司
2,偏股基金3月首募创新高
1,农银汇理两只基金定投有优惠
0,分析师：新基金对股市资金面支持有限
1,华安180ETF基金拟分红
1,南方多利增强债基分红 每10份派现0.48元
1,国投瑞银稳健增长增聘经理
1,基金QDII首现分红
1,基金冷看地方债
1,基金通乾进行08年度收益分配 每10份派1元
1,基金隐形重仓股揭秘
1,基金青睐政策受益行业
1,定期不定额有效对冲风险
1,年金业绩去年大幅跑赢公募基金
1,广发沪深300指数基金快速分红
1,收益下滑货币基金松绑大额限购
0,收评：沪基指跌3.28% 场内基金全线下挫
1,新世纪基金：二季度或现阶段性高点
1,易方达深100ETF领跑指数基金
0,景顺长城业绩一败涂地 五大罪状遭受炮轰
1,短期座次竞逐 QDII首次分红
1,首单QDII专户合同签署
1,首单QDII专户合同落定
1,4月基金一周分红40亿超过一季度 
1,QDII出海一年 煎熬一年
2,QFII一季度跑赢国内股基 整体规模增幅超一成
1,三新基金打开申赎
1,信达澳银稳定价值债基8日成立 首募11.4亿
1,关联方大举进货膨胀货币基金
1,华夏发起“见证历史 收藏华夏”活动
1,华宝兴业增强收益债基15日起开放申购赎回
1,同门兄弟基金业绩为何分化
0,基金一季度债市撤资2700亿 五成债基业绩告负
1,基金上周有主动减仓迹象
1,基金公司首次现身纳税百强榜
1,基金大象起舞 二季度坚守金融地产
1,基金密集分红 套现压力骤升
1,基金普丰08年度收益分配 每10份派0.054元
1,基金普惠进行08年度分红 每10份派0.48元
1,基金青睐政策受益行业
0,大盘震荡不止 偏股基金悄然刮起限购风
2,家底殷实出手阔绰 次新基金掀起分红潮
1,封闭基金折扣率收窄
2,收评：沪基指涨0.82% 场内基金逾九成收红
1,权重股剧烈调整 50亿蓝筹基金借机抄底
1,汇添富旗下基金开通农行代销
1,海外股市回暖带热QDII基金
1,船舶产业投资基金顺势抄底
0,融通基金被曝涉嫌老鼠仓 神秘散户引出疑团
1,资产配置决定获利幅度
1,鹏华旗下两封基金分红
1,47只基金扎堆七匹狼 连续两天放量突破
1,中海稳健收益基金再次分红
2,偏股型基金密集分红 次新基金占绝对优势
1,关联方间接热捧撑大基金规模
1,兴业旗下基金经理与投资者沟通
1,华夏基金发起收藏华夏活动
1,华夏现金增利基金上调申购业务限额至20万
1,华宝兴业现金宝新增销售网点
1,华宝证券获基金代销资格
1,南方基金97亿红利违约不分 律师替基民下战书
2,基金专户理财客户出现多样化 规模有望井喷
1,基金嗜酒劲头依旧
1,基金投资主线：紧跟政策导向
1,基金本月密集分红
1,基金经理客串客服
1,大盘2400点盘桓 基金员工自购不降温
1,汇添富开通农行代销并参与农行定投优惠活动
1,百只基金建仓两巨亏电力股 去年播种今年收
1,神秘散户跟随基金获利2000万
1,荷银品质基金首募近13亿元
1,融通旗下基金通乾分红自摆乌龙
0,融通被爆涉嫌老鼠仓 一散户同步持4股赚2000万
1,银河基金获国金证券投研能力五星评级
1,银行系基金连破发行纪录背后：非银基金很困惑
1,险资撤离散户接盘 封基牛年涨起来才怪
1,4月分红潮起 3基金最具分红潜力
1,8只华夏系基金潜伏东软再赌收购
2,严打老鼠仓 各国比高招
1,基金业人才匮乏凸显 三成基金经理一肩多挑
1,基金机构临阵倒戈武钢股份真相
1,基金转口风 青睐地产有色股 
0,融通基金陷入老鼠仓疑云
1,证监会规范基金公司分红 投资者可确定比例次数
0,逝去的诺言 谁撕毁了基金的投资契约
1,律师张远忠：状告南方稳健2号案应该会胜诉
1,万家精选基金今日发行
1,万家精选基金今起正式发行
1,下跌赎基须慎行
2,中小盘基金表现抢眼
1,中邮基金：已经全抛中国联通 基金多数逃跑
1,二季度布局基金沙场大点兵
1,偏股基金仓位逼近牛市水平 三大路径左右市场
1,偏股基金仓位逼近牛市水平
1,八成基民看重基金择时能力
1,关注高折价和管理能力强封基
1,南方系股票基金一季度集体陷落
1,博时基金：挖掘结构性机会
1,国海富兰克林张惟闵：追求长期致胜
2,基金仓位仍保持在高水平
1,基金参与上市公司定向增发升温
1,基金年报：基民最关心基金经理操作思路
1,基金扎堆分红 折射谨慎心态
1,基金第三方支付浮出水面 
1,基金第三方支付浮出水面 汇付天下静候最后审批
0,基金通乾从不分红到分红 封闭式基金陷入困局
1,基金钟情另类投资  
1,基金钟情另类投资 S股和ST股进入基金法眼
1,大成基金：底部已经确立
1,孙五一：学会遗忘轻装上阵
1,小基金的艰难背影：首发即在熊市 
1,巴菲特的雪球智慧
1,张远忠解读南方稳健成长2号分红条款
1,机构持比超30%开放式偏股基金：55只
1,次新基金空仓静待投资时机
2,沪基指半日涨1.88% 两市基金近乎全线上扬
1,绝对收益策略 宝康灵活配置
1,规模过大影响业绩表现 基金开始限高行动
1,长江超越理财2号 灵活切换大类资产
0,180ETF因申购赎回清单有误遭停牌
1,今年来嘉实主题领跑偏股基金 
2,华商盛世基金今年来收益超过40%
1,国泰区位优势基金获发行
1,国泰区位优势股票基金获准发行
1,基金一周分红近40亿元 后市判断分歧加剧
1,基金不分红惹来官司
1,把握市场主题 嘉实主题领跑偏股基金
1,政策红利效应持续 78只基金主动加仓超5%
1,私募接盘小非筹码 一个季度狂赚200%
1,私募看好新能源和重组题材 公募更偏爱大中盘股
1,股指强势跨年线 基金称像吹泡泡
1,万家精选基金13日正式发行
1,上证180ETF信息披露出错引巨额套利资金
1,个股高送转 基金赴盛宴
1,偏股基金主导4月分红潮
1,十只封基折价率超过30%
1,华夏基金修改旗下部分开放式基金合同条款
1,华夏基金潜入五洲交通
1,南方现金增利进行收益支付 结转为基金份额
1,博时基金举办高端论坛
1,国海富兰克林首补分红欠账 未分红公司静观其变
0,基民追高意愿不强 开户数大幅回落
2,基金产品交易所化推动券商销售走强
1,基金隐形控盘股曝光 
1,次新基金落袋为安
1,沪深两市基指涨跌互现 可交易型基金涨多跌少
1,治理老鼠仓尚缺杀手锏 
1,泰信基金4000万元认购旗下新品
1,泰信基金4000万认购泰信蓝筹精选
1,生命周期基金适宜长期定投
0,百亿收益不分红 南方基金遭追讨
1,诺安成长基金将于17日起开放日常申购业务
1,诺安成长打开申购
1,37亿参与7公司增发 基金浮盈近30亿
1,上投摩根中小盘基金 下周一起比例限购
1,东方核心动力股票基金获批 
1,交银施罗德保本4月21日起开放日常赎回业务
1,友邦华泰货币基金21日起售
1,国泰区位优势股票基金20日起发行
1,地方债呼唤二级市场地方债基金
1,基金专户首次现身十大流通股股东名单
1,基金专户首现十大流通股名单
0,收评：两市基金疲态渐显 六成封基收绿
2,新基金首发规模达64亿元创出今年新高
1,易方达行业领先企业17日起开放申购和赎回
1,次新股票基金财富效应再现
1,牛年首只货币基金发行
1,申万巴黎竞争优势基金首次分红
0,融通基金无法排除基金经理私下建老鼠仓
1,两基金获准发行
1,南方基金副总经理王宏远去职
1,基金和QFII3月开户51个携手跑步入市
2,富国海富通两家基金公司08年共赚近4.8亿元
2,成绩单损人利己 基民赔1000亿基金公司赚672亿
0,投资黑洞：基金公司大赚672亿净值倒亏千万
0,持观望态度 新基金建仓普遍谨慎
2,易方达行业领先基金16天盈利2.4%
1,景顺长城精选蓝筹基金17日起开放日常申购
2,牛年首只货币基金即将面市 友邦华泰卖债基热捧
1,牛年首只货币市场基金获批
1,社保基金监管酝酿系列新规
1,规模诚可贵业绩价更高 中小盘基金拉闸限购
1,诺安增利债券基金获批
1,长信基金：两个主要因素驱动大盘向上
1,产品创新大戏圈定指数：多家基金公司密谋ETF
1,从快到期封基觅金
1,四招寻找优势品种
1,基金一季报今起公布
1,基金业成立首个慈善基金会 
0,基金开户数回落四成
1,基金经理叫板经济学家：淡看宏观数据
0,基金腿软 连续两周跑输大盘
0,将通牒铁公鸡进行到底
1,我国首支核电产业私募基金成立
1,抓住慢一拍获利
1,攻守两相宜 挑选须四看
2,整体投研能力受肯定
1,最牛的私募这样挖黑马  
2,次新股票基金财富效应再现 资金流入明显回暖
1,沪指站上年线 基金再现牛市思维
1,申巴竞争优势基金即将首次分红
1,精选个股是制胜法宝
0,红利基金三年未分红 华宝兴业收益增长的难题
0,股基得意 债基直面末路穷途
1,长信基金：用理性视野 把握投资时机
0,0.6%代销费率：直逼基金直销底线
1,16家基金公司旗下基金披露一季报
2,65只基金上周主动增仓逾5%
2,上周股票基金全线上扬 四成半基金涨逾2%
1,伞型基金欲借行业ETF重出江湖
1,偏股型基金平均股票仓位增近10%
1,净值大反弹触发基民调仓冲动
2,华商基金龙抬头 解密高收益后的操作逻辑
1,南方优选价值基金首次分红 每10份派1.2元
1,友邦华泰稳本增利第八次派发红利
1,国泰区位优势基金今起发行
1,基金公司今起披露一季报
0,基金公司高管变动再起 王宏远去职南方基金 
1,基金大规模招聘渠道及投研人才
1,建信收益增强4月21日正式募集 
2,易方达深证100ETF盈利51%
1,泰信货基主动缩短久期至3个月
2,牛基净值重返牛市巅峰水平
1,私募又添主将：王宏远离职公转私
2,结束3个月负收益 债基今年首次翻身 
0,美国风投规模明显萎缩 
0,老基金遭赎回次新基金限购
2,银华旗下两基金 今年以来净值增长率超40%
2,银华旗下两基金净值增长率超40% 
1,首批基金一季报：固定收益类基金遭大量净赎回
1,一季报初揭 股基45%业绩差距是如何造成的
2,偏股型基金股票仓位大幅上升
0,券商债券型产品上周跑输同类基金
1,华商盛世成长基金首次分红 每10份派2.65元
1,华夏两基金重仓机械金融股
1,华夏系看空光伏股 中邮核心一季度接盘 
1,华宝兴业三基金分红 宝康消费品10派0.5元
0,固定收益类型基金遭大量净赎回
1,基金一季度大幅加仓金融地产
1,基金一季度大幅增持周期性行业
1,基金一季报：增减尽在周期间
1,基金景宏每10份派2.1元 
1,基金经理：目前没有减仓计划
0,基金赎回潮显露端倪 仅高仓位股基净流入
2,好基金已回到牛市水平 今年收益率最多超50%
1,建信优势动力基金持续折价
2,开基股票仓位已回牛市水平 投资策略再度积极
0,收评：沪基指跌0.92% 八成封基下挫
1,次新基金资金流入明显
1,王宏远离职 基金业大佬日渐沉寂
0,股基货基遭遇净赎回
1,股票型基金重现限购令 
1,诺安增利债券基金获批
1,金风科技首季业绩增155% 基金接过小非的盘
0,77只股票类基金遭遇净赎回 
1,[聚焦]基金首季扬眉吐气 偏股型最受基民欢迎
0,一季度基金整体遭赎回
0,一季报业绩隐忧成真 基金重仓股集体熄火
0,万科规模瓶颈浮现 58只基金减持3.39亿股
1,五基金同发分红公告
0,今年基金高管变动增多
1,偏股基金单季加仓9个百分点
1,创投基金被盗第一案原告胜诉获赔
1,华夏大盘逆势减仓近5%
2,华夏大盘金鹰中小盘 净值已近牛市高点
1,去年个人持基同比下降6% 
0,基金一季度整体遭遇净赎回
0,基金一季报显示：77只股基遭遇净赎回
1,基金定投为你摘掉啃老族的帽子
1,基金重仓股招商银行蝉联三年王者退位
1,大成策略回报基金第二次分红 10份派1.1元
1,律师讨红利震动铁公鸡 五只基金同发分红公告
2,收益诱人 小盘基金成题材股常客
0,收评：沪基指收跌1.8% 场内基金尽墨
0,标准普尔：过去5年主动基金跑输基准指数
2,牛年首只货币基金首日认购超10亿
1,王亚伟首季快速降低股票仓位 狂扫神华和中恒
0,逾六成基金跑输业绩基准
1,银行系基金规模有弹性 工银和嘉实基金赎回最多
1,长城稳健增利债基分红 每10份派现0.25元
2,雄起 基金首季累计盈利近三千亿
2,首季基金仓位升逾8个百分点
0,22日股票基金全线重挫 近七成基金跌逾3%
1,25只股基4月集中分红
1,QDII基金首季多数加仓
2,QFII沉寂股市嚣起 债市沪市商业股市盈率达34倍
1,一季度基金加仓换股忙不停
1,中邮优选与成长双双恋上金融股
1,博时基金将使用上证超级大盘指数开发ETF
0,基指跌穿3300点 指数基金遭重创
0,基金一季度共赚2961亿仍遭净赎回
1,基金一季度大幅加仓
2,基金一季度累计盈利近三千亿
2,基金业管理规模差距缩小
0,基金空头氛围趋浓 二八行情或将胎死腹中
1,基金首现补分红
1,季报暴露基金选股路径：增金融弃基建
0,宝盈鸿利错失一季度行情
1,投资者可从四个角度选择指数基金
0,收评：沪基指微跌 逾半数封基下挫
0,沪基指半日收低0.95% 两市封基仅2只飘红
2,牛年封转开破冰 封基抗跌效应渐显
1,股基单季加仓9个百分点
1,诺安增利债券基金明起发售
1,避险资金不愿离场 固定收益基金规模继续缩水
2,银行类基金理财产品打翻身仗
1,长信双利优选基金分红
1,鹏华基金10年分红6倍于管理费
1,ETF挂钩产品整装待发
1,与重仓主流唱反调 两基金低仓位创造高业绩
0,十只基金一季度大幅减仓超10%
1,半数QDII一季度加仓股票
2,友邦华泰货币基金发行首日认购逾10亿 
1,嘉实研究精选基金首次分红 每10份派0.3元
0,坏账计提拖累利润 基金持续减持农产品
1,基金4月大范围实施补分红
2,基金一季度大举潜入ST股已获暴利
1,基金一季度持仓增加 二季度趋势判断分化
1,基金资产规模重返2万亿 广发与中邮增长百亿
0,天治财富增长股票仓位最低 民生蓝筹缘何不动
1,富国优化增强债券基金获批
0,收评：沪基指跌0.53% 全天高开低走
1,散户委托理财选公募还是私募
1,易方达科汇基金分红 每10份派发红利1.5元
1,民生蓝筹基金 建行定投八折优惠
1,王亚伟重仓介入胜利股份
2,ST股疯狂堪比牛市 低价股盛宴基金抢着吃
0,不欢而散的跨境婚姻：QDII境外伴侣渐成鸡肋
0,两次新基金首季规模缩水七成
0,基金组合风格逐渐转向弱周期
1,基金经理心态尚好：不惧震荡市
2,封闭式基金相对抗跌 长线投资仍有吸引力
2,最强私募近一年收益超70% 三类产品收益优秀
1,越赚越卖越亏越买 一季度基金申赎怪现象
1,追讨基金红利 律师称托管方工行对基民太傲慢
1,重组方案6月面世基金重仓潜伏上实医药
1,铁公鸡上榜敲山震虎 八基金忙分红疑与新规有关
1,13.98% 专户跑不赢公募
2,8只偏股基金最近一年收益转正
1,一季度股基资产破万亿 农银汇理缩水43.76%
1,中欧稳健收益债基开放赎回
1,九成债基一季度提升股票仓位
1,农银汇理规模几近腰斩 一季度赎回率居59家之首
1,创新型基金 挑战你的智慧和胆量
1,加仓+换股 QDII调仓成效显著 
2,华商盛世每10份派红利2.65元 创今年分红新高
1,基金一季度大举出击冷门股 王亚伟买入10只
1,基金混战 偏股型基金分化创历史之最
1,基金经理将封顶一拖三 近四成基金经理身兼数职
1,基金重仓股青睐小众情人
1,大成优选救生艇期限再次重置 只差人民币1厘
1,战略上乐观 战术上谨慎
1,易方达教育基金会已募善款逾6000万元
1,浦银安盛精致生活今日发行
1,股基整体规模保持稳定
1,规模2亿元以下袖珍基金已达31只
2,4个月募集800亿  新基金销售持续回暖
1,偏股基金上周主动增仓超2%
1,兴业趋势将对通过瑞银证券申购投资者优惠
1,华商基金股票综合投资能力居前
0,南方旗下两基金将调整估值 因攀钢钢钒停牌
1,博时信用债券基金将于近期发行
1,同门基金一季度扎堆饮美酒
1,嘉实研究精选10派0.3元
1,基金专户频现上市公司一季报
1,基金为何仍保持高仓位
1,基金定投 用理性战胜感性
1,基金经理聊巧用货币基金管理闲置资金实录
1,基金销售出现新变种
1,大市值股重获部分基金青睐
1,富国天瑞：一季度申购之王 
1,年线失守前基金大幅调仓：增持股曝光(名单)
1,建信收益增强一周认购超24亿
1,招商行业领先股票基金获准发行
1,招商行业领先股票基金获准近期公开发行
1,易方达旗下两基金分红
1,普华永道：QDII及REITs将成基金未来发展重点
0,次新基金遭遇大幅赎回
1,浦银安盛精致生活基金发行
1,混合基金仓位抢跑
2,爱原来可以如此自由
1,牛年首只创新基金5月初发行 场内场外可认购
1,王亚伟一季度大幅减持新药概念股
1,首只可分离交易基金5月6日起发行
1,首季券商集合理财净赎回19亿份
1,6月开庭 华安基金起诉雷曼兄弟一案新进展
1,信托私募业绩一季领航 劲草尚需疾风考验
1,兴业货基开通汇通宝理财账户
1,创新基顺潮流适需求
1,博时信用债券基金将于近期发行
1,合资基金预计 3年后规模翻番
0,基指缩量上扬50ETF碎步下跌
1,基金减仓近尾声 银行重当债市稳定器
2,基金周开户数小幅走高环比增6.3%
1,备战创业板 基金公司将推ETF产品
2,收评：沪基指大涨2.72% 场内基金普涨
1,新基金契约引入分红新规
1,易方达两基金分红
1,易方达香港子公司首只海外基金已入市
1,沪基指半日涨1.31% 两市封基近乎全线上扬
1,沪律协研讨基金纠纷法律问题
0,红包大缩水 今年封基分红率仅28%
1,股指震荡加剧 新增基金开户数反升
1,股票基金认购费率低于申购费率
1,股票基金认购费率低于申购费率
1,震荡市中部分基金大幅偏离比较基准
1,预告：长盛基金经理黄瑞庆聊可分离交易基金
1,270亿元 四月新基金发行再现小高潮
1,5月投基策略
0,63只债基遭遇664亿份净赎回
0,一季度沉入谷底 债券基金二季寄望城投债
1,东方基金增齐鲁证券为代销机构 
1,基金投顾产品 投资紧跟公募兄弟
1,基金重仓王者归来 市场旋律震荡上行
1,大成基金将赎回4653.33万份大成债券基金
2,富国基金一季度获投资者青睐
1,建信收益增强基金正式募集
2,收评：沪基指涨0.42% 九成封基飘红
1,胡立峰聊如何通过简称和分类快速选基金实录
2,获益丰厚 新世纪赎回旗下股基
2,4月漂亮收官 基金经理坚持寻找有安全底线个股
1,上市公司一季报喜忧参半 基金五月如何应对
2,内地医药板块昙花一现 基金预言形势乐观
0,疫情来袭 QDII遭遇反弹中的烦恼
0,公基分化私基踏空
1,国内首批信用债券基金将出炉
0,基金换帅忙 高管层人事地震愈演愈烈
0,基金集体踏空3月份行情
0,融通基金疑似事件未了 老鼠仓何时休
0,都说炒股不容易养基同样难省心
1,10只基金踏错4月行情
1,2500点：基金屯兵岔路口
0,5月份基金投资将趋谨慎
1,二季度债基发行卷土重来
1,前4月基金排名初定：三强未变 次新分化
1,同系业绩分居两极 东方龙长期跑偏
0,基指重拾升势成交量降低
1,基金是否分红应由法律说了算
1,基金的绝对业绩与相对业绩
0,基金追高加仓致净值下跌
1,富国货基与债基逆市净申购 
1,封基分红波澜不惊
2,收评：沪基指收复3400点关口 再创九个月来新高
2,标准股票型基金今年来平均净值增长三成
1,波段操作成为基金投资新潮流
1,3基金首发4基金获批 新基金发行再提速
1,42家基金公司去年平均盈利逾2亿
1,PMI指标回暖 基金小幅加仓备战五月
1,上周震荡大 基金猛加仓
1,上投系基金加仓曙光股份迷局
0,上涨动力不足 基金从债基中抽身
1,中欧新蓝筹基金首次分红
1,中欧新蓝筹将进行首次分红 每10份派发1元
1,中银行业优选8日起开放申购
1,今年来第三家基金公司获QDII资格
0,会计准则催肥煤炭股 基金高歌泡沫狂想曲
1,公募基金08年费用率最高达8.17%
1,公募基金有望再掀产品创新大潮
1,前4月偏股基金业绩差距拉大
1,基金纷纷推出创新型产品
0,复制基金整体跑输母基金 
1,富国天丰强化09年第四次分红 10份派0.07元
1,新基金采用分红新规
2,沪基指半日升0.9%跑赢大盘 封基全线上扬
1,红利ETF领涨可交易型指数基金
1,长盛同庆可分离交易基金6日起发行
1,首只可分离交易基金明起发售
1,39只不满周岁基金业绩差异明显
0,4月基金开户数环比回落逾2成
0,4月基金开户环比回落逾两成
0,9只基金规模低于1亿元 袖珍基金业绩不佳有隐忧
1,LOF指数基金首开转换业务
1,LOF指数基金首开转换功能
