review,url,newtime,Predicted_Label,click1,click2,keyword1,keyword2,keyword3
「人民日报」【夜读】长相年轻的人，都做好了这四件事,https://tophub.today/l?e=4d7fA59eDXEsBFCl%2B5OFZ8eBBgGeYenjwuzJJS%2BjZzMw1T5P0bJrtHLJli1yf2fbanGExiLIm7c75pH8rBxbCJj3W2Qi5ehHEbfxdLluhT5x1BR8IZAL6aapED1amLSDKbvBGkyoZDzb3eLh9p4uyCDjDlfoU9m1oyUzcxIdDY7wsrvnpQ5iOEEoVxLH8me8FlReS1ceTMJ0UG4CJg95Jfa40fOPk%2FqKap4w9Q72oAYFvxS3jzynf46AwhPcB0MhZZN7PzMn7pzK42lvvnwh,20230901,1,10,3671,夜读,四件,长相
「人民日报」今天，十分想念您……,https://tophub.today/l?e=0e1bQfvvalv5HOqfY6ffO12gUp%2Bteo86MUUEPXVt0Qv5bGFKZsGzMXDaOxStUlzJZ7MGOKhkzzDRU3HJQZDhs%2BKOA4eStVknZZRWShPL9QlhrTMdzQfDB77BfC%2BMIURE7CGlAPM1oYqOvNBtH%2Bn1U5jUUM1MjTz3RYoaZNqZ3gCfMR7av0rfDTEpjjYqfTWiE6W3mBqOBAq9ct3EQLEEZ8Blj6GR2zW9dqu1ZME2%2BJCUjz3tUZxTF6K0LIYxW0%2FinjuyPK%2FQ1Q0fgInKMqZ2,20230901,1,10,3556,十分想念,人民日报,今天
「中国政府网」国务院关于提高个人所得税有关专项附加扣除标准的通知,https://tophub.today/l?e=1dd66NI7oL4XF%2Fi4pYxfDTQyvbqyEu63gULBEsFvBQxHBEOHycxw6iuMW%2Fv24670IMI2bCm6WCAYDe08u57Q3FgZPF40xuY7sT%2BqxL2cAyCoDd730fdxaxhMbb3a28o5UPX4Rmf85KN6GL3Ikwud8MzPk3TR5U%2BFQwwZb4Hb%2Bg4lhkVgSp1FoFR4dw4Ll2VopqGisWcAhUhEQEHUeZdF6ijk%2FTIhyRieuCj%2FVpbIPqZ47qmaan%2Bq06O4S3IqQ2ZlXnEm8%2BJlZC1B2BqA13p4,20230901,1,10,3404,个人所得税,附加,扣除
「人民日报」来了！新闻早班车,https://tophub.today/l?e=180975xWyM0qRh5FucLHALs17SRPXL92X%2FqCB9AZbLNglTD93BC0OHCYQVuUNeMjHY%2Br7qON4UVoRSOTWnDxhJ4mk15CuMWuMdW6c0o9iab54HkihNhERsdduGmDwaX2R9KdaigAKzXRX440j41mwmM2uwYgxjLuUJ%2FPnc%2B%2Fen5e%2BnMxWzZB1lmbgzgJ2JKFVtqWtldVXWPUIlAKHwNaTy6k8AvEQ2cyxD93IQmUg61VFa1JPhb5v5rKMqFoupRimk7JBzuzqIRby8VvIqUb,20230901,1,10,2941,早班车,人民日报,新闻
「人民日报」他箍住毒贩，滚下10米高坡！起身后的第一句话是…,https://tophub.today/l?e=8264Kz5Wb%2FnisxpIz5sp0YFoIE0qw3FCke6glXMGO8vSPrt%2Bgd8QYcoefbUFC5SYw8ygQPIz11IhaEiccNv%2FpxnX88mTPWuLe%2BYd5mMjrk9NyVA00KarofffzLZVl8uFUl7bk0Mbn7a662%2BjBhy3SLfN5kngVkfcavn1hC5SKrtyUqBj5112mYsqnOby1UmYaGMW8PLNOrO2Wr2b83qxyf2YtFKbXraZvUpvZBdL%2FePjqWOwCk0W8NtUc4QFK8%2BO16lbAuw7qwGtDaNtU64n,20230901,1,10,2550,毒贩,10,高坡
「人民日报」考研上岸痛哭“不能和父母分享”的她，报到了！,https://tophub.today/l?e=1420sd4E%2BEVmxrEdEdGAeJRxCsR4%2B2rCqrubySp40st23XAmn9F472q2LzeQggUgNYSm6M6lL7GrDGHR8eAoawRBZwB3CEFVNLQUSaN7ryNeDs%2FixUPOjxdTTRpZPwj3KIxkx1e9gTuvmECNT52p0awG%2BXtLBCHfwF19E42Dolnj4JPiW7IULPzwYI7pu4XVnzcvrQUsDnJQJ%2FEaXZFgWmE9WkNNdWj8VSqC5%2BYIdLVcOyogdp7VOgIB5C%2B202kEIBLHP3xeN4yRnKcGUqr4,20230901,1,10,2362,考研,报到,人民日报
「洞见」庄子最通透的5个故事，治好了我的精神内耗,https://tophub.today/l?e=3bb0oWLI2%2BJe1SWwuTWxM35HvP8NZ8OS6O8dIL%2FBmYOjZTUMbSudGdyCyX7Sq5%2B0owJNffLxQ6AKoK2XWktp0PbRAMpBsubHkvdPRAfAzQSRO4YCf1eBssNbe6roMPC7MYkGRIlIA6rGow81xiFhRB6KV%2F3YZHCKqfkvmU9v1Y85UfXtRfunfc5e1pgZZHnPsro%2BHYtZ1b%2F72b%2Be4A3KbYffwxLgXTRiz0wmfdWZjIC1Ld1VWw8I4GPCo75bixG2I7i%2F%2BA5ucJbNnQ%2FfS5T5,20230901,1,10,2198,洞见,内耗,通透
「小茂说」粉丝分享｜干皮里边请，精油刷A，又猛又稳！,https://tophub.today/l?e=714ch%2BKpV1d%2FzAHDP50na8s3r3Rll6hMI8JSaGW62RnWwLuQNf6WpbJUBbcQsWlTKvADQsA9GGfWEQPFt7GGO4%2B8u%2BszXapi89RiiVFROFsjwdWqNQclr%2Fvz89pcZ3q4BKWM6HKTPWbEXKBVTiswoaf40W5AmsXFVbQtmIMWOBn20PE6a5oLXgK4aE5vKgpTCV1PNBNOvbAFEhgZuy4e4PHNThrgUDuAAdAvCrig02oQJOxyZtXEikUBLFxyNdtdJDwO5xouwi4qCwhhVo8c,20230901,1,10,2148,小茂说,干皮,精油
「中国人民银行」中国人民银行 国家金融监督管理总局关于降低存量首套住房贷款利率有关事项的通知,https://tophub.today/l?e=6cb4uq8Ins3SokSaRtr39N8i28PzLlhcJvk47mPwP%2FfcXi3VLtSu%2BQdaoZtdno78Gv3enWUDfDxb5dRBJkMjj%2B42xsQ5JE%2BzO0FVDkAyhwpbX58Dnpi%2FFl%2Bgyde6rkzVG3aVJ5gD1aMj6LKzjWcx0jXNG%2BHJWk0JJKZuPDd%2F0IMnjDLJ0og%2BYSH3Xuj20jHGJNjQIkMcIGc22MQ%2BKyYrwBVuavacpe8sFIiHP%2Fm7v%2Bdz6PztoZnbz95UFNqlVJeZ6gI6jIY2zoMk6PKaQiHQ,20230901,1,10,1975,中国人民银行,住房贷款,首套
「视觉志」日本排核污水一周后，被「网暴死」的中国人,https://tophub.today/l?e=7cfcXzHq6ow2xOsUC0H1DrNpNHqqz8HgUepE3kE8Jd%2FRH4%2FXe6iIoy53bBs64O0KgJPMwB9FfNgFQsp5Mm5YY%2FWyDBHjq9bZMOhmxbwiR3UjcspiHGk8qzCGbNPaDpgx6GOHJ1zx9RI51ts10mwR35Rttv0YQGjW9QS0hywX3iyMKxNIPvYX63%2Bfj0DemgsjJ7YAQ7fq8W1%2FCFKNqxpSeLk6c4OQdfCd9hso1j2j5V0z5a1rnW1EZS78J4nka6HpSPLCcDlh%2FYEghyHdWgIi,20230901,1,10,1922,排核,暴死,污水
「人民日报」江歌母亲诉林某侮辱、诽谤案，二审维持原判,https://tophub.today/l?e=3114LY81EwbO0wugDh4syHjMBrQsumVcmNYfR6g%2BXcZVVmb5%2Bpxi4DRYZtUON9by1tQK2nSR7PxKvWaG%2F5VX4FYLhAbHKjyKyzX6RF91L8i9gWLueFGaT8oJs12CPIqc2vH3F1OjvaAEKRDC55gjI8OmXi2yzlGrGCmhwVRlRzmf2kQP%2Bz%2B%2BcheBwQActTo1CtoGFPsRcmdQ0D9cMM8cotGxyQEQsQrkOQtEgSCfcZgvZsVWZ5xtyj1LQqG4AQK4ETPuhPZCHj2coQ%2Blhcfk,20230901,1,10,1921,诽谤案,江歌,诉林
「人民日报」20多名公交司机，有个1分钟的约定……,https://tophub.today/l?e=721eKUQUCQLsFbvEHme%2FG696aB3GRBZ6APp%2Bq9cjWoa9H0qeSR0caZcWdsWWDEOkerJpdE2a0IHG%2BEPgBT5w37D6WpNGt1YNJk1vdIOqlLTb4V3AVmAxAvuSyzOHSPMN%2BbbKOR1Bz1zxAQrGufvXmV3rsP2VUtgOpUAU6e9%2BoXpJkW7MbCAoswi%2FwQPRJl8jlslG8bp9osUfDylNgQQ3ook%2FOvbNfGQPDCJrL16eGL4cAxIe%2FHm%2BOzKD6scxpMLM4ejyAqhRo3wlJoggKlVn,20230901,1,10,1695,20,有个,人民日报
「冯站长之家」【冯站长之家】2023年9月1日（周五）三分钟新闻早餐,https://tophub.today/l?e=6f05fQuSDRq3EZYhJ4pXrfedoWZJ8EzFpVHt4LSNcujP6%2FcImTVzMQD1HdbwMARyr9x3mCHtjT03HOGNarbzu7HPstodgF%2Fs2dxuXxKnVgBWshHHR5darQXjIxt0826YsIzboJdePMQprYsyjY%2FuXdNrv6OjB%2BaDCMN7iZSkLnIxDl0f0ZMaAAcWtbBl23a5RwnJY0GHpqugjG21ZX0O%2FmpjKUVbHSGfV5Ex6OyB8%2BDFHmL6oPNs9hTM%2FpQh2DWqVLtnDRw47prQEks0FSpB,20230901,0,10,1645,站长,2023,三分钟
「HEYTEA喜茶」喜遇原神2.0 | 开学季，喜悦重逢,https://tophub.today/l?e=924abNuDgyt3ksSGY28IxuWQ3Ne2OFRr0BcMWgWnbv%2B0zgbzpLe7M7UxBl6XsvvRvkxAchlUey3qPPxXHwvQP375%2BKg2fwWwu%2BvTaiNSscPc4wahoXS6obWhlf2%2BdKGfwpc9Qlv0NlKPlp70Pz%2BqQYKeSzpFvu7X%2FSMSn%2BAOvTFLqkL68ySG%2BFDmvjzea9VjczeSCr6mgjlnJu7HVEqc%2BXgEcf7%2Fene4IT5FvmHHNhBA5T3HDMqz1qvrAVwocY2nsvAjf3Arv24WPc12%2B1qf,20230901,1,10,1623,HEYTEA,喜茶,喜遇
「夜听」【夜听】致九月：万般滋味，皆是生活,https://tophub.today/l?e=3914vxBm9KMwYSU0jxOKPgXdaJ7XEW4aswNd1RG24vQkVJvcrwpreADxN3G2tnER9Sa%2Ft9UXRbZSdsjyHXZVhUSFmA7i45OlScK41UYnYnq9CH3INishw%2BlBUCFJW0uO45frpFY5LBRo0G4miJcxjDDA%2B30Wfpcn33pbGB3nMWIrRrwRJIuV9a3H1EuaQJKYOaEOSeRj2ZpGib2pdnsOHLopWMwvgV2H4sqgSgW%2FFkZHULytVm%2BS0rPjbP%2BzUKaMIQ72kVVGd%2BVQqN6G1n3K,20230901,1,10,1591,万般,滋味,九月
「国家税务总局」国务院关于提高个人所得税有关专项附加扣除标准的通知,https://tophub.today/l?e=78fbfuHUU7RDZI3zo3pCNqQjQuVkLKFe3evzrphk4GNjDEp%2FZJkNMHh%2BTxDwIc7Ufp0JvTdzcMrdiiwVttWo1UsLjwBwzTGb0%2Fu%2BP6pMpdVGULLUkmviA2vyj6XzYthf6dNvoyQ96FJX3iu4G0ZQrywXQxp37eYYwno95MwK1hy%2FNvNvHlXUVo4Nwz8SMi3%2BcoXewX8bmaT%2Bu%2BP9yW%2FOU7jb7KrIW86i3NY%2Fcuy1zzrKbY3tgKz7bK2PXNb%2FBxyY73CKHybr2cB1dSITviFO,20230901,1,10,1590,国家税务总局,个人所得税,附加
「投资明见」徐小明：周五操作策略(0901),https://tophub.today/l?e=8a71FuBF%2FWMXmOYckmvVHjcjYv0FPsjcBfK9vGJm%2FCRrCrCtP6bXu%2Bf1EdplCw5%2FBLXzL3RgeU0vjxe90zMxOoewBLjYWHSbvqP8oLK7BQAhT2%2B751kf6iFMNn5%2F3mROHMMY16aJF%2FwH5EtFsCQKptlI9VAjM0tQi8ibW8PJgA9oi0YnB8CfM5QNoDOwwZdK5m0S7QyjdcPnQPrt7lMRstwu%2F4K%2BYz2PdjgwwskBvaSYbbdmaleHVtHcm8K2ZOAMqe6tV%2Bi11VSX4vs9dR%2Fo,20230901,1,10,1566,明见,徐小明,0901
「公安部交通管理局」“知危险 会避险”2023年秋季开学交通安全课将于今晚19：30直播！ ︱ 开学季,https://tophub.today/l?e=f755FaXVDqrKIAXDZd4ywWfjh%2BVLNph5DVNeZONnlm0GJ4eFTR%2BEFg18HIT%2Fx%2F196JzC4jEdWExeDXyxVfe8JXhyPjs%2BrqqbGuCrEcUXVU0OALv2A50xSqJFlGKwKtvBA0z4gpQIVCDBonBCgCtDdXhgBx%2BD3%2B2%2BGtyWqSN0VIv4xUa3NxTKorVEkuoX6LO1gh6fXrIyxFLpLZ80SHWx623ZkY2OpAIrhCWXaZ5UXvijn7BpEZw6LYMHX50a6ghnkqf1IVkAtxp8LsMl0PV%2B,20230901,1,10,1522,开学,2023,19
「新华社」夜读 | 等风来，不如追风去,https://tophub.today/l?e=ab0527ZloZ1APFd4QeJMG8syN2wRbebLxFkfKNyjvlWzJ7L%2F90amYS4DOl7h9ljNJDS3AjBzfVkLXrqV5ADj5qv7SwXhFHlQfnQGQIXTv0VFl%2BGIcpal%2F2Pyx%2BHc2mVdRwbd9hWOdfJM4EoCRfpMGEaRjO0tLycDsLXlJ%2BP7YhQgoBaJlZ9KBoeZ1aTG60FbVkQUtJ2siG9Vtxr9XhIR4vzKu31do3a4ok4gpS4hsW12lvzMWIynPnsKMRrGeAb31wbo7U%2FSn%2FcryERL7tWf,20230901,1,10,1375,夜读,风来,追风
「人物」愿每个人都拥有只属于自己的8月,https://tophub.today/l?e=8de88eGvxVcRWWucyi0FpOSbAZnvliQm7wkNRHhZU7zp3Rc4yNfewqy2U63tVuc8NRk4yj1IvEqdMAriTEm1sdLlQ4YHo3bRrcz7cuVatyRUBx1p%2FJu7XBir62NMILnHQEt3Znq702DFlFPke8dRElwIJ3V9P%2FzmpE6hWvS6vbwI61O6JnAwIwtCWEpDZSKYfLHhkKvs7QiJbtmrlskyedsWRyOEOMc0k6kW0PQgT38%2BkwWTMNCezW2RZJTUNcFEGJqEvBG1Klh%2BLneQB2Xm,20230901,1,10,1241,每个,人物,拥有
「人民日报」国内首款！商用可重构5G射频收发芯片研制成功,https://tophub.today/l?e=625a8jXKFiAOrhD6%2FS4HEnLC%2FRl7xhZQuqEEfL0AExX7ZRSVx0%2B4t1vlhZ8jKuMe1XgthJzgdIYE%2BQneTTkN2qKp7x6Hhp5p1rmLmuXlWy%2FszvzINEWY1%2FEd0MXBUSROkNzBj88IXmcYrkU7oTxSaM1uTXDdtW7FPKjd6oR1GSpV%2Fa2p6jQKjE6QwDjFpmNdwveoVoVA8j8PDAiNp9Pc%2FpK%2B8rfI3meQqO4vd0PLH5qZE%2FdYGUcdJKTa6qSjIYyCrEPfexwq%2BS78dv4kF65%2B,20230901,1,10,1208,5G,收发,重构
「人民日报」零的突破！我国规模最大，投产！,https://tophub.today/l?e=76555ox9KLxQVTZJ8j5q3j8Arj%2FcwMhG9gYVWsVZnmF5zM2ZtlSEt31qLBSHcIyNK1WKzuB55Bbmm3ElYFgRq5n2hFcf2ao%2FUms%2BJQFTWryFkfiaBUu5%2B8jSmrrG5JXUABF%2FFkNDCmb40nKgkNn2v7fHx%2BKlMjeMp%2BxT%2BagXcHQnj0RHMZdKB1%2BihSYML4h5KgycoynfSO1q6MdHdsblp2QPwSeMN1Xbrq%2F2EkxlPdEBeJ10C5ePkqqMRD8TESZXkHgSXqPnz9JPEGfah16E,20230901,1,10,1192,零的突破,人民日报,投产
「九边」折磨我们的，往往不是事实，而是恐惧,https://tophub.today/l?e=4c85ftRNinkc6PbzlGzC82SV%2FTD1O61uvAxjWmQ9ZuY%2FlfZ0KveGLX1AlXFnSABH%2Bxd0eCVKEb%2FKHA3vpMOr%2F7RDpr0F9O4HTOgzILp8m3gV0uGN6%2F3LeUSEo1QuMlF3r0VUyHtXFX2stmGym8fvWJnQHW%2FoWz3qXFAr7PsStLROF6aEGMtrPH7xKzptXE9dA4sEh%2F4TC0jGvoojFofChagRifDKVUILml25JNIu1h6YBBCjprDrFNaycSJQjXglOOoEzE%2FlDAIpGxYdaAoi,20230901,1,10,1030,九边,折磨,恐惧
「国家税务总局」分别提高1000元！三项个税专项附加扣除标准调整,https://tophub.today/l?e=a6dfhHsST6lfSXIXXSjd7y4Of8yVXZg1K9ay%2BysYcGCd30tuYCsKRg9y7ntqNGajA%2FSrs7VV9pNF7axIEZe7y8Sv9xwDXwZ6RMzFDfOdVtpD%2FghvS%2BJdKlxKEhw9VBfp9rvxclgIYUXwfY0nWqo%2BND2G3g9MaF8IVTGMmodI4nyyQqGQTx%2Bd5W9STAiyagT2bAo5JfotESBQX6vb%2F5STRkIQChSWcVO%2B9zhH8nNzGVCca27S%2BAOyur90LAHuHd3szSrksGrDzZkYNWLEtGLe,20230901,0,10,952,1000,国家税务总局,三项
「人民日报」国务院重要通知，利好你的个税,https://tophub.today/l?e=d30fmxbtz3wx8E5fzCnRNEvcB0JWVoygpanLvPIUEqM76UsBVsCaxOKEQhnKmCT4rHFnybqVmf2ob1E8CfM1mvBWokeHb8rg8JdAooKx%2FQfDhqohxmfRdUw1%2F89Wn%2BfTe5Qhwsitiwj6RbgrXUTSIdBnwBW7rzMvi%2ByBSxL2ID%2FH8knE2Oq6HdVJRwOLP6H88yiUjlFzt8ienUWGBWXSduGzTpd4%2FaaQ37R8THB5lRtjTwWUPp4p7P74U5oqJLeVTS8rwm6WZ7UEyNhLFjWR,20230901,1,10,872,人民日报,利好,国务院
